fee,pool,block_number,log_index,tx_hash,sender,recipient,amount_weth,amount_usdc,notional_usdc,sqrt_price_x96,liquidity,tick,price_usdc_per_weth,direction
500,demo-500,300000000,1,0x0000000000000000000000000000000000000000000000000000000000000000,0x1111111111111111111111111111111111111111,0x2222222222222222222222222222222222222222,-6.1757289619078986,20688.70983757623,20688.70983757623,4585663411237371328331776,1000000000000000,0,3350.0028847096237,BUY_WETH
500,demo-500,300000002,1,0x0000000000000000000000000000000000000000000000000000000000000001,0x1111111111111111111111111111111111111111,0x2222222222222222222222222222222222222222,-2.9810690278481613,9984.673451184532,9984.673451184532,4585223403750845306634240,1000000000000000,-1,3349.3600308852338,BUY_WETH
500,demo-500,300000004,1,0x0000000000000000000000000000000000000000000000000000000000000002,0x1111111111111111111111111111111111111111,0x2222222222222222222222222222222222222222,-2.710389505654735,9075.181005031838,9075.181005031838,4584493677189978793181184,1000000000000000,-5,3348.2940315766878,BUY_WETH
500,demo-500,300000006,1,0x0000000000000000000000000000000000000000000000000000000000000003,0x1111111111111111111111111111111111111111,0x2222222222222222222222222222222222222222,-8.977906765814469,30061.937209990803,30061.937209990803,4584590180962315792285696,1000000000000000,-4,3348.434996502618,BUY_WETH
500,demo-500,300000008,1,0x0000000000000000000000000000000000000000000000000000000000000004,0x1111111111111111111111111111111111111111,0x2222222222222222222222222222222222222222,-3.7091970308035327,12415.725901620537,12415.725901620537,4583800315110273367146496,1000000000000000,-8,3347.281311430061,BUY_WETH
500,demo-500,300000010,1,0x0000000000000000000000000000000000000000000000000000000000000005,0x1111111111111111111111111111111111111111,0x2222222222222222222222222222222222222222,-6.3349059217829335,21211.983073440548,21211.983073440548,4584586116105729380188160,1000000000000000,-4,3348.4290588281574,BUY_WETH
500,demo-500,300000012,1,0x0000000000000000000000000000000000000000000000000000000000000006,0x1111111111111111111111111111111111111111,0x2222222222222222222222222222222222222222,-2.874505385753449,9625.787597626158,9625.787597626158,4584755261231321917161472,1000000000000000,-3,3348.676139322349,BUY_WETH
500,demo-500,300000014,1,0x0000000000000000000000000000000000000000000000000000000000000007,0x1111111111111111111111111111111111111111,0x2222222222222222222222222222222222222222,-7.244124083359954,24257.728750124592,24257.728750124592,4584708321634605334528000,1000000000000000,-4,3348.607570906409,BUY_WETH
500,demo-500,300000016,1,0x0000000000000000000000000000000000000000000000000000000000000008,0x1111111111111111111111111111111111111111,0x2222222222222222222222222222222222222222,-4.149346233935435,13881.458150638036,13881.458150638036,4582550822923107758505984,1000000000000000,-13,3345.456697999436,BUY_WETH
500,demo-500,300000018,1,0x0000000000000000000000000000000000000000000000000000000000000009,0x1111111111111111111111111111111111111111,0x2222222222222222222222222222222222222222,-1.9138437488011262,6394.160341935215,6394.160341935215,4579500450242785976516608,1000000000000000,-26,3341.004377154957,BUY_WETH
500,demo-500,300000020,1,0x000000000000000000000000000000000000000000000000000000000000000a,0x1111111111111111111111111111111111111111,0x2222222222222222222222222222222222222222,-4.760450024911555,15884.179820327869,15884.179820327869,4576547518943178570858496,1000000000000000,-39,3336.697105778982,BUY_WETH
500,demo-500,300000022,1,0x000000000000000000000000000000000000000000000000000000000000000b,0x1111111111111111111111111111111111111111,0x2222222222222222222222222222222222222222,-6.1316716901053105,20441.379229395312,20441.379229395312,4574516883274362293059584,1000000000000000,-48,3333.736746274528,BUY_WETH
500,demo-500,300000024,1,0x000000000000000000000000000000000000000000000000000000000000000c,0x1111111111111111111111111111111111111111,0x2222222222222222222222222222222222222222,-4.894157059513224,16317.62149833041,16317.62149833041,4574767847562521528500224,1000000000000000,-47,3334.1025430747763,BUY_WETH
500,demo-500,300000026,1,0x000000000000000000000000000000000000000000000000000000000000000d,0x1111111111111111111111111111111111111111,0x2222222222222222222222222222222222222222,-3.951580534504971,13151.76393738027,13151.76393738027,4570736314167861025177600,1000000000000000,-65,3328.2287486082682,BUY_WETH
500,demo-500,300000028,1,0x000000000000000000000000000000000000000000000000000000000000000e,0x1111111111111111111111111111111111111111,0x2222222222222222222222222222222222222222,-5.7148796151871455,19019.78087402977,19019.78087402977,4570658723747947886936064,1000000000000000,-65,3328.115753039695,BUY_WETH
500,demo-500,300000030,1,0x000000000000000000000000000000000000000000000000000000000000000f,0x1111111111111111111111111111111111111111,0x2222222222222222222222222222222222222222,-4.1209235212775885,13700.220515694624,13700.220515694624,4568210263003961319489536,1000000000000000,-76,3324.5510247778675,BUY_WETH
500,demo-500,300000032,1,0x0000000000000000000000000000000000000000000000000000000000000010,0x1111111111111111111111111111111111111111,0x2222222222222222222222222222222222222222,-3.2268456474267913,10720.464845169607,10720.464845169607,4566645466687803410612224,1000000000000000,-83,3322.273829155265,BUY_WETH
500,demo-500,300000034,1,0x0000000000000000000000000000000000000000000000000000000000000011,0x1111111111111111111111111111111111111111,0x2222222222222222222222222222222222222222,-3.2279770884363854,10732.187922012932,10732.187922012932,4568340813753914094518272,1000000000000000,-75,3324.741046167569,BUY_WETH
500,demo-500,300000036,1,0x0000000000000000000000000000000000000000000000000000000000000012,0x1111111111111111111111111111111111111111,0x2222222222222222222222222222222222222222,-7.808156915879771,25959.508806448564,25959.508806448564,4568288813876753385652224,1000000000000000,-75,3324.665357794442,BUY_WETH
500,demo-500,300000038,1,0x0000000000000000000000000000000000000000000000000000000000000013,0x1111111111111111111111111111111111111111,0x2222222222222222222222222222222222222222,-5.113786241400033,16994.682453742564,16994.682453742564,4567355599192694705881088,1000000000000000,-80,3323.3071644953675,BUY_WETH
500,demo-500,300000040,1,0x0000000000000000000000000000000000000000000000000000000000000014,0x1111111111111111111111111111111111111111,0x2222222222222222222222222222222222222222,-5.588589596016164,18574.035968295557,18574.035968295557,4567532180937332324564992,1000000000000000,-79,3323.5641388904437,BUY_WETH
500,demo-500,300000042,1,0x0000000000000000000000000000000000000000000000000000000000000015,0x1111111111111111111111111111111111111111,0x2222222222222222222222222222222222222222,-5.6268807782032955,18685.262073393074,18685.262073393074,4565573342233366928293888,1000000000000000,-87,3320.7140527614692,BUY_WETH
500,demo-500,300000044,1,0x0000000000000000000000000000000000000000000000000000000000000016,0x1111111111111111111111111111111111111111,0x2222222222222222222222222222222222222222,-1.2261895509349199,4075.6978968436592,4075.6978968436592,4567744158945542863323136,1000000000000000,-78,3323.872637583728,BUY_WETH
500,demo-500,300000046,1,0x0000000000000000000000000000000000000000000000000000000000000017,0x1111111111111111111111111111111111111111,0x2222222222222222222222222222222222222222,-5.735093004590392,19074.186231269232,19074.186231269232,4569117856472253966843904,1000000000000000,-72,3325.872172605078,BUY_WETH
500,demo-500,300000048,1,0x0000000000000000000000000000000000000000000000000000000000000018,0x1111111111111111111111111111111111111111,0x2222222222222222222222222222222222222222,-10.830218675774523,36003.74891708181,36003.74891708181,4568091907447795927220224,1000000000000000,-76,3324.37875863176,BUY_WETH
500,demo-500,300000050,1,0x0000000000000000000000000000000000000000000000000000000000000019,0x1111111111111111111111111111111111111111,0x2222222222222222222222222222222222222222,-2.166587278654444,7206.39988105299,7206.39988105299,4569310470266490152026112,1000000000000000,-71,3326.1525866285506,BUY_WETH
500,demo-500,300000052,1,0x000000000000000000000000000000000000000000000000000000000000001a,0x1111111111111111111111111111111111111111,0x2222222222222222222222222222222222222222,-6.971717646582525,23190.20625303167,23190.20625303167,4569429639437019303116800,1000000000000000,-70,3326.3260832715027,BUY_WETH
500,demo-500,300000054,1,0x000000000000000000000000000000000000000000000000000000000000001b,0x1111111111111111111111111111111111111111,0x2222222222222222222222222222222222222222,-7.260077058166854,24146.192404756854,24146.192404756854,4569127710138249649324032,1000000000000000,-72,3325.886517636176,BUY_WETH
500,demo-500,300000056,1,0x000000000000000000000000000000000000000000000000000000000000001c,0x1111111111111111111111111111111111111111,0x2222222222222222222222222222222222222222,-7.218029150021967,24005.22804750895,24005.22804750895,4569021334754225050091520,1000000000000000,-72,3325.731657295384,BUY_WETH
500,demo-500,300000058,1,0x000000000000000000000000000000000000000000000000000000000000001d,0x1111111111111111111111111111111111111111,0x2222222222222222222222222222222222222222,-3.580279762735808,11919.039740949125,11919.039740949125,4571321180077627996635136,1000000000000000,-62,3329.0805553813484,BUY_WETH
500,demo-500,300000060,1,0x000000000000000000000000000000000000000000000000000000000000001e,0x1111111111111111111111111111111111111111,0x2222222222222222222222222222222222222222,-4.153779172017554,13830.231811154265,13830.231811154265,4571646182665696336412672,1000000000000000,-61,3329.5539407398755,BUY_WETH
500,demo-500,300000062,1,0x000000000000000000000000000000000000000000000000000000000000001f,0x1111111111111111111111111111111111111111,0x2222222222222222222222222222222222222222,-2.1968701326015956,7315.249249348741,7315.249249348741,4571849817281677058113536,1000000000000000,-60,3329.8505636679656,BUY_WETH
500,demo-500,300000064,1,0x0000000000000000000000000000000000000000000000000000000000000020,0x1111111111111111111111111111111111111111,0x2222222222222222222222222222222222222222,-4.877342621880511,16234.23624475953,16234.23624475953,4570922755324321976025088,1000000000000000,-64,3328.500272244612,BUY_WETH
500,demo-500,300000066,1,0x0000000000000000000000000000000000000000000000000000000000000021,0x1111111111111111111111111111111111111111,0x2222222222222222222222222222222222222222,-8.499083081083512,28306.99806708719,28306.99806708719,4572360392325167577038848,1000000000000000,-58,3330.594347299691,BUY_WETH
500,demo-500,300000068,1,0x0000000000000000000000000000000000000000000000000000000000000022,0x1111111111111111111111111111111111111111,0x2222222222222222222222222222222222222222,-3.2601624326738343,10848.218706116555,10848.218706116555,4570241825394800153591808,1000000000000000,-67,3327.5086533707918,BUY_WETH
500,demo-500,300000070,1,0x0000000000000000000000000000000000000000000000000000000000000023,0x1111111111111111111111111111111111111111,0x2222222222222222222222222222222222222222,-74.20719494536,250000.0,250000.0,4598610010309294121025536,1000000000000000,56,3368.9455609267966,BUY_WETH
500,demo-500,300000072,1,0x0000000000000000000000000000000000000000000000000000000000000024,0x1111111111111111111111111111111111111111,0x2222222222222222222222222222222222222222,-5.084668546818769,17124.4176689692,17124.4176689692,4597864471722864305766400,1000000000000000,53,3367.8532850844563,BUY_WETH
500,demo-500,300000074,1,0x0000000000000000000000000000000000000000000000000000000000000025,0x1111111111111111111111111111111111111111,0x2222222222222222222222222222222222222222,-7.180644128361571,24204.6351051368,24204.6351051368,4599886881512363567087616,1000000000000000,61,3370.8166944989157,BUY_WETH
500,demo-500,300000076,1,0x0000000000000000000000000000000000000000000000000000000000000026,0x1111111111111111111111111111111111111111,0x2222222222222222222222222222222222222222,-4.38758140873391,14682.816953100368,14682.816953100368,4583230319396652685721600,1000000000000000,-10,3346.4488941157388,BUY_WETH
500,demo-500,300000078,1,0x0000000000000000000000000000000000000000000000000000000000000027,0x1111111111111111111111111111111111111111,0x2222222222222222222222222222222222222222,-9.477903436412905,31711.76460410544,31711.76460410544,4582828955721598064656384,1000000000000000,-12,3345.8628078307756,BUY_WETH
500,demo-500,300000080,1,0x0000000000000000000000000000000000000000000000000000000000000028,0x1111111111111111111111111111111111111111,0x2222222222222222222222222222222222222222,-4.564279223481843,15266.876504717435,15266.876504717435,4582142356503259013709824,1000000000000000,-15,3344.8603289154507,BUY_WETH
500,demo-500,300000082,1,0x0000000000000000000000000000000000000000000000000000000000000029,0x1111111111111111111111111111111111111111,0x2222222222222222222222222222222222222222,-5.055186467596863,16913.065994221903,16913.065994221903,4582707786271526383255552,1000000000000000,-12,3345.685881743951,BUY_WETH
500,demo-500,300000084,1,0x000000000000000000000000000000000000000000000000000000000000002a,0x1111111111111111111111111111111111111111,0x2222222222222222222222222222222222222222,-2.3835163441046143,7973.395711640494,7973.395711640494,4582391341757321753657344,1000000000000000,-14,3345.2238460046137,BUY_WETH
500,demo-500,300000086,1,0x000000000000000000000000000000000000000000000000000000000000002b,0x1111111111111111111111111111111111111111,0x2222222222222222222222222222222222222222,-4.187427392614003,14007.768993230227,14007.768993230227,4582372863163679689932800,1000000000000000,-14,3345.1968666818775,BUY_WETH
500,demo-500,300000088,1,0x000000000000000000000000000000000000000000000000000000000000002c,0x1111111111111111111111111111111111111111,0x2222222222222222222222222222222222222222,-7.132112751325507,23877.796524310474,23877.796524310474,4584242752945506907848704,1000000000000000,-6,3347.927515570021,BUY_WETH
500,demo-500,300000090,1,0x000000000000000000000000000000000000000000000000000000000000002d,0x1111111111111111111111111111111111111111,0x2222222222222222222222222222222222222222,-7.1733438009147275,24015.429209406095,24015.429209406095,4584204014717791987826688,1000000000000000,-6,3347.8709338235963,BUY_WETH
500,demo-500,300000092,1,0x000000000000000000000000000000000000000000000000000000000000002e,0x1111111111111111111111111111111111111111,0x2222222222222222222222222222222222222222,-8.206909546524573,27469.13722584252,27469.13722584252,4583658671303173592842240,1000000000000000,-8,3347.0744462481657,BUY_WETH
500,demo-500,300000094,1,0x000000000000000000000000000000000000000000000000000000000000002f,0x1111111111111111111111111111111111111111,0x2222222222222222222222222222222222222222,-6.946522833854374,23250.441187623725,23250.441187623725,4583650008884905324314624,1000000000000000,-8,3347.0617953360843,BUY_WETH
500,demo-500,300000096,1,0x0000000000000000000000000000000000000000000000000000000000000030,0x1111111111111111111111111111111111111111,0x2222222222222222222222222222222222222222,-6.31575503174908,21120.120439905866,21120.120439905866,4581578589840107655659520,1000000000000000,-17,3344.0373057117886,BUY_WETH
500,demo-500,300000098,1,0x0000000000000000000000000000000000000000000000000000000000000031,0x1111111111111111111111111111111111111111,0x2222222222222222222222222222222222222222,-0.09519531855729409,317.96050445939096,317.96050445939096,4578870665642285268467712,1000000000000000,-29,3340.085513428098,BUY_WETH
500,demo-500,300000100,1,0x0000000000000000000000000000000000000000000000000000000000000032,0x1111111111111111111111111111111111111111,0x2222222222222222222222222222222222222222,-2.9648229379965776,9900.651531612642,9900.651531612642,4578382683554227175817216,1000000000000000,-31,3339.3736282622053,BUY_WETH
500,demo-500,300000102,1,0x0000000000000000000000000000000000000000000000000000000000000033,0x1111111111111111111111111111111111111111,0x2222222222222222222222222222222222222222,-11.438798798799818,38202.80963837445,38202.80963837445,4578645559775144596996096,1000000000000000,-30,3339.7571117679563,BUY_WETH
500,demo-500,300000104,1,0x0000000000000000000000000000000000000000000000000000000000000034,0x1111111111111111111111111111111111111111,0x2222222222222222222222222222222222222222,-3.7103663066407506,12384.507722004846,12384.507722004846,4577312507741059535601664,1000000000000000,-36,3337.812684380856,BUY_WETH
500,demo-500,300000106,1,0x0000000000000000000000000000000000000000000000000000000000000035,0x1111111111111111111111111111111111111111,0x2222222222222222222222222222222222222222,-6.721136305952741,22437.11962271121,22437.11962271121,4577641565231297576566784,1000000000000000,-35,3338.2926043084735,BUY_WETH
500,demo-500,300000108,1,0x0000000000000000000000000000000000000000000000000000000000000036,0x1111111111111111111111111111111111111111,0x2222222222222222222222222222222222222222,-4.8373893610120895,16146.627027721051,16146.627027721051,4577358923196690843303936,1000000000000000,-36,3337.8803777628555,BUY_WETH
500,demo-500,300000110,1,0x0000000000000000000000000000000000000000000000000000000000000037,0x1111111111111111111111111111111111111111,0x2222222222222222222222222222222222222222,-6.791142807920319,22679.168733305087,22679.168733305087,4578484183660820778975232,1000000000000000,-31,3339.521693882657,BUY_WETH
500,demo-500,300000112,1,0x0000000000000000000000000000000000000000000000000000000000000038,0x1111111111111111111111111111111111111111,0x2222222222222222222222222222222222222222,-5.180348400158086,17287.368132457425,17287.368132457425,4576827449957746900729856,1000000000000000,-38,3337.1053058767,BUY_WETH
500,demo-500,300000114,1,0x0000000000000000000000000000000000000000000000000000000000000039,0x1111111111111111111111111111111111111111,0x2222222222222222222222222222222222222222,-2.549942969117246,8509.638401558006,8509.638401558006,4576883975244845986873344,1000000000000000,-38,3337.1877350276272,BUY_WETH
500,demo-500,300000116,1,0x000000000000000000000000000000000000000000000000000000000000003a,0x1111111111111111111111111111111111111111,0x2222222222222222222222222222222222222222,-3.0793959919861704,10278.391705411104,10278.391705411104,4577300195015033073172480,1000000000000000,-36,3337.7947273295226,BUY_WETH
500,demo-500,300000118,1,0x000000000000000000000000000000000000000000000000000000000000003b,0x1111111111111111111111111111111111111111,0x2222222222222222222222222222222222222222,-5.908480159875381,19734.71321344565,19734.71321344565,4578857234585568250167296,1000000000000000,-29,3340.0659187221313,BUY_WETH
500,demo-500,300000120,1,0x000000000000000000000000000000000000000000000000000000000000003c,0x1111111111111111111111111111111111111111,0x2222222222222222222222222222222222222222,-3.7963179324822445,12680.744824293533,12680.744824293533,4579000354925788750938112,1000000000000000,-29,3340.274721406738,BUY_WETH
500,demo-500,300000122,1,0x000000000000000000000000000000000000000000000000000000000000003d,0x1111111111111111111111111111111111111111,0x2222222222222222222222222222222222222222,-0.006072868171797017,20.283363836506307,20.283363836506307,4578810260931007087640576,1000000000000000,-29,3339.9973888292516,BUY_WETH
500,demo-500,300000124,1,0x000000000000000000000000000000000000000000000000000000000000003e,0x1111111111111111111111111111111111111111,0x2222222222222222222222222222222222222222,-6.3719850862924,21265.558192698787,21265.558192698787,4576996726739446936895488,1000000000000000,-37,3337.352160231177,BUY_WETH
500,demo-500,300000126,1,0x000000000000000000000000000000000000000000000000000000000000003f,0x1111111111111111111111111111111111111111,0x2222222222222222222222222222222222222222,-7.688042905126173,25619.47669333047,25619.47669333047,4573585600089649307451392,1000000000000000,-52,3332.3795157605214,BUY_WETH
500,demo-500,300000128,1,0x0000000000000000000000000000000000000000000000000000000000000040,0x1111111111111111111111111111111111111111,0x2222222222222222222222222222222222222222,-7.45443571631949,24810.64652397841,24810.64652397841,4570789672892022755688448,1000000000000000,-64,3328.306456471567,BUY_WETH
500,demo-500,300000130,1,0x0000000000000000000000000000000000000000000000000000000000000041,0x1111111111111111111111111111111111111111,0x2222222222222222222222222222222222222222,-7.519058570296765,25010.91975908215,25010.91975908215,4569436866511265064812544,1000000000000000,-70,3326.336605208145,BUY_WETH
500,demo-500,300000132,1,0x0000000000000000000000000000000000000000000000000000000000000042,0x1111111111111111111111111111111111111111,0x2222222222222222222222222222222222222222,-1.2530612380367796,4168.485537376601,4168.485537376601,4569646292358553829113856,1000000000000000,-69,3326.6415166648453,BUY_WETH
500,demo-500,300000134,1,0x0000000000000000000000000000000000000000000000000000000000000043,0x1111111111111111111111111111111111111111,0x2222222222222222222222222222222222222222,-9.303167450056147,30975.364399703503,30975.364399703503,4571643714598609109385216,1000000000000000,-61,3329.550345728385,BUY_WETH
500,demo-500,300000136,1,0x0000000000000000000000000000000000000000000000000000000000000044,0x1111111111111111111111111111111111111111,0x2222222222222222222222222222222222222222,-4.6659361037870974,15534.753550449117,15534.753550449117,4571538420581327301509120,1000000000000000,-61,3329.3969752051185,BUY_WETH
500,demo-500,300000138,1,0x0000000000000000000000000000000000000000000000000000000000000045,0x1111111111111111111111111111111111111111,0x2222222222222222222222222222222222222222,-2.7706703246055047,9223.629094991284,9223.629094991284,4571282620132678925549568,1000000000000000,-62,3329.024392790062,BUY_WETH
500,demo-500,300000140,1,0x0000000000000000000000000000000000000000000000000000000000000046,0x1111111111111111111111111111111111111111,0x2222222222222222222222222222222222222222,-3.9362570026462262,13113.97261442832,13113.97261442832,4573039965039888693198848,1000000000000000,-55,3331.584448274641,BUY_WETH
500,demo-500,300000142,1,0x0000000000000000000000000000000000000000000000000000000000000047,0x1111111111111111111111111111111111111111,0x2222222222222222222222222222222222222222,-3.2599268351639172,10860.332371172608,10860.332371172608,4572958030774815707627520,1000000000000000,-55,3331.465066646664,BUY_WETH
500,demo-500,300000144,1,0x0000000000000000000000000000000000000000000000000000000000000048,0x1111111111111111111111111111111111111111,0x2222222222222222222222222222222222222222,-1.952091225412519,6500.473635139466,6500.473635139466,4571955868859899328856064,1000000000000000,-59,3330.005048184045,BUY_WETH
500,demo-500,300000146,1,0x0000000000000000000000000000000000000000000000000000000000000049,0x1111111111111111111111111111111111111111,0x2222222222222222222222222222222222222222,-4.984558786626688,16613.21184114588,16613.21184114588,4573966969440177661935616,1000000000000000,-51,3332.935281196455,BUY_WETH
500,demo-500,300000148,1,0x000000000000000000000000000000000000000000000000000000000000004a,0x1111111111111111111111111111111111111111,0x2222222222222222222222222222222222222222,-5.432952165635392,18119.921372219338,18119.921372219338,4575513040894862949351424,1000000000000000,-44,3335.188829165807,BUY_WETH
500,demo-500,300000150,1,0x000000000000000000000000000000000000000000000000000000000000004b,0x1111111111111111111111111111111111111111,0x2222222222222222222222222222222222222222,-4.517632227859884,15059.832659979731,15059.832659979731,4574400867387597591150592,1000000000000000,-49,3333.5676523438374,BUY_WETH
500,demo-500,300000152,1,0x000000000000000000000000000000000000000000000000000000000000004c,0x1111111111111111111111111111111111111111,0x2222222222222222222222222222222222222222,-5.423235272521997,18071.631892664223,18071.631892664223,4573503826941563700772864,1000000000000000,-53,3332.260354668381,BUY_WETH
500,demo-500,300000154,1,0x000000000000000000000000000000000000000000000000000000000000004d,0x1111111111111111111111111111111111111111,0x2222222222222222222222222222222222222222,-4.592895895455956,15300.704556523815,15300.704556523815,4572903087972839575257088,1000000000000000,-55,3331.385013899787,BUY_WETH
500,demo-500,300000156,1,0x000000000000000000000000000000000000000000000000000000000000004e,0x1111111111111111111111111111111111111111,0x2222222222222222222222222222222222222222,-3.226513652343671,10738.386651409915,10738.386651409915,4570696124462593810104320,1000000000000000,-65,3328.1702197694963,BUY_WETH
500,demo-500,300000158,1,0x000000000000000000000000000000000000000000000000000000000000004f,0x1111111111111111111111111111111111111111,0x2222222222222222222222222222222222222222,-3.589080419888785,11958.901053734544,11958.901053734544,4573341427024419583164416,1000000000000000,-53,3332.0237093224882,BUY_WETH
500,demo-500,300000160,1,0x0000000000000000000000000000000000000000000000000000000000000050,0x1111111111111111111111111111111111111111,0x2222222222222222222222222222222222222222,-6.317923276179058,21035.936993175277,21035.936993175277,4571653859892100895604736,1000000000000000,-61,3329.5651234779402,BUY_WETH
500,demo-500,300000162,1,0x0000000000000000000000000000000000000000000000000000000000000051,0x1111111111111111111111111111111111111111,0x2222222222222222222222222222222222222222,-1.4743503550241341,4913.781277669127,4913.781277669127,4573905052105588399407104,1000000000000000,-51,3332.8450465823585,BUY_WETH
500,demo-500,300000164,1,0x0000000000000000000000000000000000000000000000000000000000000052,0x1111111111111111111111111111111111111111,0x2222222222222222222222222222222222222222,-3.6945384980366853,12311.52701458583,12311.52701458583,4573571224226006113976320,1000000000000000,-52,3332.3585668760247,BUY_WETH
500,demo-500,300000166,1,0x0000000000000000000000000000000000000000000000000000000000000053,0x1111111111111111111111111111111111111111,0x2222222222222222222222222222222222222222,-7.395578768421226,24614.340383325525,24614.340383325525,4570751403152482494316544,1000000000000000,-65,3328.2507230438277,BUY_WETH
500,demo-500,300000168,1,0x0000000000000000000000000000000000000000000000000000000000000054,0x1111111111111111111111111111111111111111,0x2222222222222222222222222222222222222222,-5.601525876542659,18642.97659863345,18642.97659863345,4570713898285340815261696,1000000000000000,-65,3328.196103976611,BUY_WETH
500,demo-500,300000170,1,0x0000000000000000000000000000000000000000000000000000000000000055,0x1111111111111111111111111111111111111111,0x2222222222222222222222222222222222222222,-6.641645356533038,22093.05746697225,22093.05746697225,4569510229620035095101440,1000000000000000,-70,3326.443415898512,BUY_WETH
500,demo-500,300000172,1,0x0000000000000000000000000000000000000000000000000000000000000056,0x1111111111111111111111111111111111111111,0x2222222222222222222222222222222222222222,-5.0264444748788435,16713.871123529152,16713.871123529152,4568647634538831693217792,1000000000000000,-74,3325.187656416322,BUY_WETH
500,demo-500,300000174,1,0x0000000000000000000000000000000000000000000000000000000000000057,0x1111111111111111111111111111111111111111,0x2222222222222222222222222222222222222222,-2.123354631743435,7055.075158126242,7055.075158126242,4566875152140575581405184,1000000000000000,-82,3322.6080338419456,BUY_WETH
500,demo-500,300000176,1,0x0000000000000000000000000000000000000000000000000000000000000058,0x1111111111111111111111111111111111111111,0x2222222222222222222222222222222222222222,-4.0400517473871105,13436.057659153723,13436.057659153723,4569009375986114443083776,1000000000000000,-72,3325.7142480522552,BUY_WETH
500,demo-500,300000178,1,0x0000000000000000000000000000000000000000000000000000000000000059,0x1111111111111111111111111111111111111111,0x2222222222222222222222222222222222222222,-5.319841822056078,17695.886087093648,17695.886087093648,4569475793778513975181312,1000000000000000,-70,3326.393279914162,BUY_WETH
500,demo-500,300000180,1,0x000000000000000000000000000000000000000000000000000000000000005a,0x1111111111111111111111111111111111111111,0x2222222222222222222222222222222222222222,-74.2879616937531,250000.0,250000.0,4596109498949597401186304,1000000000000000,45,3365.282803566578,BUY_WETH
500,demo-500,300000182,1,0x000000000000000000000000000000000000000000000000000000000000005b,0x1111111111111111111111111111111111111111,0x2222222222222222222222222222222222222222,-4.539426446925471,15283.19155919481,15283.19155919481,4597122962217226448404480,1000000000000000,49,3366.767087843451,BUY_WETH
500,demo-500,300000184,1,0x000000000000000000000000000000000000000000000000000000000000005c,0x1111111111111111111111111111111111111111,0x2222222222222222222222222222222222222222,-5.406350702569722,18199.994014750315,18199.994014750315,4596879283983567504277504,1000000000000000,48,3366.410175000223,BUY_WETH
500,demo-500,300000186,1,0x000000000000000000000000000000000000000000000000000000000000005d,0x1111111111111111111111111111111111111111,0x2222222222222222222222222222222222222222,-7.210805511909724,24124.598771698245,24124.598771698245,4582661111400809384378368,1000000000000000,-13,3345.617730481409,BUY_WETH
500,demo-500,300000188,1,0x000000000000000000000000000000000000000000000000000000000000005e,0x1111111111111111111111111111111111111111,0x2222222222222222222222222222222222222222,-3.863082123189848,12927.857459820825,12927.857459820825,4583274734897214968037376,1000000000000000,-10,3346.5137544489876,BUY_WETH
500,demo-500,300000190,1,0x000000000000000000000000000000000000000000000000000000000000005f,0x1111111111111111111111111111111111111111,0x2222222222222222222222222222222222222222,-7.940046268292642,26545.769385617717,26545.769385617717,4581057318685897805266944,1000000000000000,-20,3343.276410318184,BUY_WETH
500,demo-500,300000192,1,0x0000000000000000000000000000000000000000000000000000000000000060,0x1111111111111111111111111111111111111111,0x2222222222222222222222222222222222222222,-5.00177355818691,16733.624407889936,16733.624407889936,4582606629099113916923904,1000000000000000,-13,3345.538180252146,BUY_WETH
500,demo-500,300000194,1,0x0000000000000000000000000000000000000000000000000000000000000061,0x1111111111111111111111111111111111111111,0x2222222222222222222222222222222222222222,-7.479662241825728,25032.987484968646,25032.987484968646,4583475680864690595954688,1000000000000000,-9,3346.807205409089,BUY_WETH
500,demo-500,300000196,1,0x0000000000000000000000000000000000000000000000000000000000000062,0x1111111111111111111111111111111111111111,0x2222222222222222222222222222222222222222,-7.851412055804251,26292.451259218236,26292.451259218236,4584808886772172379389952,1000000000000000,-3,3348.7544752897315,BUY_WETH
500,demo-500,300000198,1,0x0000000000000000000000000000000000000000000000000000000000000063,0x1111111111111111111111111111111111111111,0x2222222222222222222222222222222222222222,-9.449737101913174,31634.756843982457,31634.756843982457,4584077706519460632854528,1000000000000000,-6,3347.686449137061,BUY_WETH
500,demo-500,300000200,1,0x0000000000000000000000000000000000000000000000000000000000000064,0x1111111111111111111111111111111111111111,0x2222222222222222222222222222222222222222,-7.700243842849834,25755.50769294284,25755.50769294284,4582077202199967210405888,1000000000000000,-15,3344.765207254893,BUY_WETH
500,demo-500,300000202,1,0x0000000000000000000000000000000000000000000000000000000000000065,0x1111111111111111111111111111111111111111,0x2222222222222222222222222222222222222222,-7.729580841289597,25862.57202172052,25862.57202172052,4582869265962953483485184,1000000000000000,-12,3345.9216680377754,BUY_WETH
500,demo-500,300000204,1,0x0000000000000000000000000000000000000000000000000000000000000066,0x1111111111111111111111111111111111111111,0x2222222222222222222222222222222222222222,-9.360295472400662,31360.00926040784,31360.00926040784,4585882212849258739007488,1000000000000000,0,3350.322578264172,BUY_WETH
500,demo-500,300000206,1,0x0000000000000000000000000000000000000000000000000000000000000067,0x1111111111111111111111111111111111111111,0x2222222222222222222222222222222222222222,-0.8369951336332667,2801.9557775892877,2801.9557775892877,4584043768096873217261568,1000000000000000,-7,3347.636879830388,BUY_WETH
500,demo-500,300000208,1,0x0000000000000000000000000000000000000000000000000000000000000068,0x1111111111111111111111111111111111111111,0x2222222222222222222222222222222222222222,-2.646589917302592,8864.888257116692,8864.888257116692,4585354210108774832668672,1000000000000000,-1,3349.5511333889604,BUY_WETH
500,demo-500,300000210,1,0x0000000000000000000000000000000000000000000000000000000000000069,0x1111111111111111111111111111111111111111,0x2222222222222222222222222222222222222222,-7.630207216759359,25557.547293046748,25557.547293046748,4585334300980181385347072,1000000000000000,-1,3349.5220466504375,BUY_WETH
500,demo-500,300000212,1,0x000000000000000000000000000000000000000000000000000000000000006a,0x1111111111111111111111111111111111111111,0x2222222222222222222222222222222222222222,-0.2958524637799664,989.824088785308,989.824088785308,4582695465529924862869504,1000000000000000,-12,3345.667891822822,BUY_WETH
500,demo-500,300000214,1,0x000000000000000000000000000000000000000000000000000000000000006b,0x1111111111111111111111111111111111111111,0x2222222222222222222222222222222222222222,-5.498493733292046,18399.473006519675,18399.473006519675,4583111347614813566009344,1000000000000000,-11,3346.2751617075287,BUY_WETH
500,demo-500,300000216,1,0x000000000000000000000000000000000000000000000000000000000000006c,0x1111111111111111111111111111111111111111,0x2222222222222222222222222222222222222222,-5.483700330218638,18346.81287393196,18346.81287393196,4582717040656753283301376,1000000000000000,-12,3345.699394408823,BUY_WETH
500,demo-500,300000218,1,0x000000000000000000000000000000000000000000000000000000000000006d,0x1111111111111111111111111111111111111111,0x2222222222222222222222222222222222222222,-1.3094988148570788,4378.550334551039,4378.550334551039,4581336607907580628434944,1000000000000000,-18,3343.6840758263093,BUY_WETH
500,demo-500,300000220,1,0x000000000000000000000000000000000000000000000000000000000000006e,0x1111111111111111111111111111111111111111,0x2222222222222222222222222222222222222222,-2.76811484756066,9254.621780555475,9254.621780555475,4581069374424367513993216,1000000000000000,-20,3343.2940070065756,BUY_WETH
500,demo-500,300000222,1,0x000000000000000000000000000000000000000000000000000000000000006f,0x1111111111111111111111111111111111111111,0x2222222222222222222222222222222222222222,-6.752951768044575,22551.12964253949,22551.12964253949,4578433500420771015557120,1000000000000000,-31,3339.4477581274846,BUY_WETH
500,demo-500,300000224,1,0x0000000000000000000000000000000000000000000000000000000000000070,0x1111111111111111111111111111111111111111,0x2222222222222222222222222222222222222222,-6.486008858669517,21658.756829695325,21658.756829695325,4578335111025552250634240,1000000000000000,-31,3339.304231869059,BUY_WETH
500,demo-500,300000226,1,0x0000000000000000000000000000000000000000000000000000000000000071,0x1111111111111111111111111111111111111111,0x2222222222222222222222222222222222222222,-3.6192690323523196,12077.47087347008,12077.47087347008,4576749573161288439169024,1000000000000000,-38,3336.9917421199298,BUY_WETH
500,demo-500,300000228,1,0x0000000000000000000000000000000000000000000000000000000000000072,0x1111111111111111111111111111111111111111,0x2222222222222222222222222222222222222222,-3.0048727474328207,10020.223196477567,10020.223196477567,4575148963861833877291008,1000000000000000,-45,3334.6580832876307,BUY_WETH
500,demo-500,300000230,1,0x0000000000000000000000000000000000000000000000000000000000000073,0x1111111111111111111111111111111111111111,0x2222222222222222222222222222222222222222,-3.2842138957175955,10953.228452985488,10953.228452985488,4575461860278620311781376,1000000000000000,-44,3335.1142163023537,BUY_WETH
500,demo-500,300000232,1,0x0000000000000000000000000000000000000000000000000000000000000074,0x1111111111111111111111111111111111111111,0x2222222222222222222222222222222222222222,-6.312394325808635,21057.803328763945,21057.803328763945,4576032033455910407897088,1000000000000000,-42,3335.945481521607,BUY_WETH
500,demo-500,300000234,1,0x0000000000000000000000000000000000000000000000000000000000000075,0x1111111111111111111111111111111111111111,0x2222222222222222222222222222222222222222,-1.6358667953927277,5464.898587198714,5464.898587198714,4579274405298105107873792,1000000000000000,-27,3340.6745601720822,BUY_WETH
500,demo-500,300000236,1,0x0000000000000000000000000000000000000000000000000000000000000076,0x1111111111111111111111111111111111111111,0x2222222222222222222222222222222222222222,-5.143849745949072,17194.608343004234,17194.608343004234,4580697266265789822926848,1000000000000000,-21,3342.7508951919676,BUY_WETH
500,demo-500,300000238,1,0x0000000000000000000000000000000000000000000000000000000000000077,0x1111111111111111111111111111111111111111,0x2222222222222222222222222222222222222222,-1.481197487820886,4951.2256028405,4951.2256028405,4580674773129304165318656,1000000000000000,-21,3342.718066666899,BUY_WETH
500,demo-500,300000240,1,0x0000000000000000000000000000000000000000000000000000000000000078,0x1111111111111111111111111111111111111111,0x2222222222222222222222222222222222222222,-7.388218382893413,24688.775370995587,24688.775370995587,4579936914335814463258624,1000000000000000,-24,3341.641257946525,BUY_WETH
500,demo-500,300000242,1,0x0000000000000000000000000000000000000000000000000000000000000079,0x1111111111111111111111111111111111111111,0x2222222222222222222222222222222222222222,-5.605200946105949,18729.48933370139,18729.48933370139,4579804701418240937558016,1000000000000000,-25,3341.44832875495,BUY_WETH
500,demo-500,300000244,1,0x000000000000000000000000000000000000000000000000000000000000007a,0x1111111111111111111111111111111111111111,0x2222222222222222222222222222222222222222,-8.49838266137239,28391.12772287658,28391.12772287658,4579338678740726977658880,1000000000000000,-27,3340.7683384183765,BUY_WETH
500,demo-500,300000246,1,0x000000000000000000000000000000000000000000000000000000000000007b,0x1111111111111111111111111111111111111111,0x2222222222222222222222222222222222222222,-0.539926143237309,1803.7410523385583,1803.7410523385583,4579304263056525149339648,1000000000000000,-27,3340.7181240078903,BUY_WETH
500,demo-500,300000248,1,0x000000000000000000000000000000000000000000000000000000000000007c,0x1111111111111111111111111111111111111111,0x2222222222222222222222222222222222222222,-0.08410366884092682,280.8305362778134,280.8305362778134,4578194904909636492591104,1000000000000000,-32,3339.0997104891417,BUY_WETH
500,demo-500,300000250,1,0x000000000000000000000000000000000000000000000000000000000000007d,0x1111111111111111111111111111111111111111,0x2222222222222222222222222222222222222222,-3.970872658826438,13228.961852049191,13228.961852049191,4572981935455738095730688,1000000000000000,-55,3331.4998965388413,BUY_WETH
500,demo-500,300000252,1,0x000000000000000000000000000000000000000000000000000000000000007e,0x1111111111111111111111111111111111111111,0x2222222222222222222222222222222222222222,-5.525107920799786,18424.079155175335,18424.079155175335,4575115858358498762948608,1000000000000000,-46,3334.609824690693,BUY_WETH
500,demo-500,300000254,1,0x000000000000000000000000000000000000000000000000000000000000007f,0x1111111111111111111111111111111111111111,0x2222222222222222222222222222222222222222,-2.8613640593809166,9533.7011861782,9533.7011861782,4573237886566825914793984,1000000000000000,-54,3331.872836985625,BUY_WETH
500,demo-500,300000256,1,0x0000000000000000000000000000000000000000000000000000000000000080,0x1111111111111111111111111111111111111111,0x2222222222222222222222222222222222222222,-5.823536561493247,19418.639610586182,19418.639610586182,4575047225787500051038208,1000000000000000,-46,3334.5097786433294,BUY_WETH
500,demo-500,300000258,1,0x0000000000000000000000000000000000000000000000000000000000000081,0x1111111111111111111111111111111111111111,0x2222222222222222222222222222222222222222,-5.253622409080929,17518.843900457487,17518.843900457487,4575124084720832633372672,1000000000000000,-46,3334.6218164015786,BUY_WETH
500,demo-500,300000260,1,0x0000000000000000000000000000000000000000000000000000000000000082,0x1111111111111111111111111111111111111111,0x2222222222222222222222222222222222222222,-7.571464934403097,25248.650822494186,25248.650822494186,4575185574394147106717696,1000000000000000,-45,3334.711451646535,BUY_WETH
500,demo-500,300000262,1,0x0000000000000000000000000000000000000000000000000000000000000083,0x1111111111111111111111111111111111111111,0x2222222222222222222222222222222222222222,-5.977618249145475,19941.34230022045,19941.34230022045,4576070323122567229997056,1000000000000000,-41,3336.001308392544,BUY_WETH
500,demo-500,300000264,1,0x0000000000000000000000000000000000000000000000000000000000000084,0x1111111111111111111111111111111111111111,0x2222222222222222222222222222222222222222,-6.779520452188895,22599.97888418754,22599.97888418754,4574399734551479626760192,1000000000000000,-49,3333.5660012487633,BUY_WETH
500,demo-500,300000266,1,0x0000000000000000000000000000000000000000000000000000000000000085,0x1111111111111111111111111111111111111111,0x2222222222222222222222222222222222222222,-8.356802978955203,27844.611083104308,27844.611083104308,4573304096462335490654208,1000000000000000,-53,3331.9693132918087,BUY_WETH
500,demo-500,300000268,1,0x0000000000000000000000000000000000000000000000000000000000000086,0x1111111111111111111111111111111111111111,0x2222222222222222222222222222222222222222,-5.034961651983214,16761.411213519703,16761.411213519703,4571269128040225687207936,1000000000000000,-62,3329.004741658275,BUY_WETH
500,demo-500,300000270,1,0x0000000000000000000000000000000000000000000000000000000000000087,0x1111111111111111111111111111111111111111,0x2222222222222222222222222222222222222222,-1.8258373969392498,6078.190044202771,6078.190044202771,4571257355177630762008576,1000000000000000,-62,3328.9875946193074,BUY_WETH
500,demo-500,300000272,1,0x0000000000000000000000000000000000000000000000000000000000000088,0x1111111111111111111111111111111111111111,0x2222222222222222222222222222222222222222,-9.344031861329748,31143.66090533597,31143.66090533597,4574011576896375266213888,1000000000000000,-50,3333.0002901877865,BUY_WETH
500,demo-500,300000274,1,0x0000000000000000000000000000000000000000000000000000000000000089,0x1111111111111111111111111111111111111111,0x2222222222222222222222222222222222222222,-7.486824474130265,24945.49049008071,24945.49049008071,4573269363555468763463680,1000000000000000,-54,3331.918702819408,BUY_WETH
500,demo-500,300000276,1,0x000000000000000000000000000000000000000000000000000000000000008a,0x1111111111111111111111111111111111111111,0x2222222222222222222222222222222222222222,-1.6568747039146132,5522.035170107323,5522.035170107323,4573875449077712818274304,1000000000000000,-51,3332.8019053345993,BUY_WETH
500,demo-500,300000278,1,0x000000000000000000000000000000000000000000000000000000000000008b,0x1111111111111111111111111111111111111111,0x2222222222222222222222222222222222222222,-5.234288166143291,17447.903281500763,17447.903281500763,4574276282782790920962048,1000000000000000,-49,3333.3860742246184,BUY_WETH
500,demo-500,300000280,1,0x000000000000000000000000000000000000000000000000000000000000008c,0x1111111111111111111111111111111111111111,0x2222222222222222222222222222222222222222,-2.4922531019794496,8308.125721555396,8308.125721555396,4574409511550813890150400,1000000000000000,-49,3333.5802511216625,BUY_WETH
500,demo-500,300000282,1,0x000000000000000000000000000000000000000000000000000000000000008d,0x1111111111111111111111111111111111111111,0x2222222222222222222222222222222222222222,-4.919264503953266,16395.671129559327,16395.671129559327,4573978254930710133473280,1000000000000000,-51,3332.9517281258777,BUY_WETH
500,demo-500,300000284,1,0x000000000000000000000000000000000000000000000000000000000000008e,0x1111111111111111111111111111111111111111,0x2222222222222222222222222222222222222222,-6.298436522378437,21009.843543519128,21009.843543519128,4575879870625642914512896,1000000000000000,-42,3335.723630597982,BUY_WETH
500,demo-500,300000286,1,0x000000000000000000000000000000000000000000000000000000000000008f,0x1111111111111111111111111111111111111111,0x2222222222222222222222222222222222222222,-9.52142833195539,31760.72998119846,31760.72998119846,4575870973914184566177792,1000000000000000,-42,3335.7106595661207,BUY_WETH
500,demo-500,300000288,1,0x0000000000000000000000000000000000000000000000000000000000000090,0x1111111111111111111111111111111111111111,0x2222222222222222222222222222222222222222,-4.347128632906305,14495.127256121537,14495.127256121537,4574981627479630488272896,1000000000000000,-46,3334.41415705951,BUY_WETH
500,demo-500,300000290,1,0x0000000000000000000000000000000000000000000000000000000000000091,0x1111111111111111111111111111111111111111,0x2222222222222222222222222222222222222222,-9.645728911060607,32121.95261655251,32121.95261655251,4572071634725635499229184,1000000000000000,-59,3330.173687518708,BUY_WETH
500,demo-500,300000292,1,0x0000000000000000000000000000000000000000000000000000000000000092,0x1111111111111111111111111111111111111111,0x2222222222222222222222222222222222222222,-7.87764426333898,26251.63240060537,26251.63240060537,4573614523228003514712064,1000000000000000,-52,3332.4216635137163,BUY_WETH
500,demo-500,300000294,1,0x0000000000000000000000000000000000000000000000000000000000000093,0x1111111111111111111111111111111111111111,0x2222222222222222222222222222222222222222,-5.6962926886725045,18991.337288972867,18991.337288972867,4574685147195628457033728,1000000000000000,-47,3333.9819996852575,BUY_WETH
500,demo-500,300000296,1,0x0000000000000000000000000000000000000000000000000000000000000094,0x1111111111111111111111111111111111111111,0x2222222222222222222222222222222222222222,-4.71795228814465,15731.94068759423,15731.94068759423,4575030162102724063133696,1000000000000000,-46,3334.4849050563134,BUY_WETH
500,demo-500,300000298,1,0x0000000000000000000000000000000000000000000000000000000000000095,0x1111111111111111111111111111111111111111,0x2222222222222222222222222222222222222222,-5.545494559788601,18488.73250542325,18488.73250542325,4574704133154829328449536,1000000000000000,-47,3334.009673273948,BUY_WETH
500,demo-500,300000300,1,0x0000000000000000000000000000000000000000000000000000000000000096,0x1111111111111111111111111111111111111111,0x2222222222222222222222222222222222222222,-6.891664207792256,23001.19111627271,23001.19111627271,4577124153509263504834560,1000000000000000,-37,3337.537991225074,BUY_WETH
500,demo-500,300000302,1,0x0000000000000000000000000000000000000000000000000000000000000097,0x1111111111111111111111111111111111111111,0x2222222222222222222222222222222222222222,-3.830966062178064,12785.471546009434,12785.471546009434,4577030499812357240258560,1000000000000000,-37,3337.4014122015897,BUY_WETH
500,demo-500,300000304,1,0x0000000000000000000000000000000000000000000000000000000000000098,0x1111111111111111111111111111111111111111,0x2222222222222222222222222222222222222222,-9.719766995438517,32424.345100552408,32424.345100552408,4576013144140935665287168,1000000000000000,-42,3335.917940807546,BUY_WETH
500,demo-500,300000306,1,0x0000000000000000000000000000000000000000000000000000000000000099,0x1111111111111111111111111111111111111111,0x2222222222222222222222222222222222222222,-5.576083646146674,18607.95502479589,18607.95502479589,4576824584914074356154368,1000000000000000,-38,3337.101127895531,BUY_WETH
500,demo-500,300000308,1,0x000000000000000000000000000000000000000000000000000000000000009a,0x1111111111111111111111111111111111111111,0x2222222222222222222222222222222222222222,-2.4034221812095558,8018.51929469525,8018.51929469525,4576270006566566515179520,1000000000000000,-41,3336.292457224398,BUY_WETH
500,demo-500,300000310,1,0x000000000000000000000000000000000000000000000000000000000000009b,0x1111111111111111111111111111111111111111,0x2222222222222222222222222222222222222222,-7.752357793324833,25862.92231023181,25862.92231023181,4576162913524465952358400,1000000000000000,-41,3336.136308427492,BUY_WETH
500,demo-500,300000312,1,0x000000000000000000000000000000000000000000000000000000000000009c,0x1111111111111111111111111111111111111111,0x2222222222222222222222222222222222222222,-4.783737978427131,15954.816752994959,15954.816752994959,4575534160293008238444544,1000000000000000,-44,3335.219617994383,BUY_WETH
500,demo-500,300000314,1,0x000000000000000000000000000000000000000000000000000000000000009d,0x1111111111111111111111111111111111111111,0x2222222222222222222222222222222222222222,-5.693564318496576,18986.34931198352,18986.34931198352,4575180174020969127477248,1000000000000000,-45,3334.703579320764,BUY_WETH
500,demo-500,300000316,1,0x000000000000000000000000000000000000000000000000000000000000009e,0x1111111111111111111111111111111111111111,0x2222222222222222222222222222222222222222,-4.767783315901245,15881.414832314182,15881.414832314182,4572628553363346119720960,1000000000000000,-56,3330.9850259652894,BUY_WETH
500,demo-500,300000318,1,0x000000000000000000000000000000000000000000000000000000000000009f,0x1111111111111111111111111111111111111111,0x2222222222222222222222222222222222222222,-7.798534431847301,25961.265293063447,25961.265293063447,4571260957181092221157376,1000000000000000,-62,3328.9928408912333,BUY_WETH
500,demo-500,300000320,1,0x00000000000000000000000000000000000000000000000000000000000000a0,0x1111111111111111111111111111111111111111,0x2222222222222222222222222222222222222222,-74.24687608302773,250000.0,250000.0,4597380985774309466177536,1000000000000000,51,3367.1450327476887,BUY_WETH
500,demo-500,300000322,1,0x00000000000000000000000000000000000000000000000000000000000000a1,0x1111111111111111111111111111111111111111,0x2222222222222222222222222222222222222222,-4.502762612947262,15177.633648465371,15177.633648465371,4599833278650210664316928,1000000000000000,61,3370.738134145367,BUY_WETH
500,demo-500,300000324,1,0x00000000000000000000000000000000000000000000000000000000000000a2,0x1111111111111111111111111111111111111111,0x2222222222222222222222222222222222222222,-5.853673118913362,19722.890332134833,19722.890332134833,4598864674006344440741888,1000000000000000,57,3369.318704935827,BUY_WETH
500,demo-500,300000326,1,0x00000000000000000000000000000000000000000000000000000000000000a3,0x1111111111111111111111111111111111111111,0x2222222222222222222222222222222222222222,-2.707168965939923,9057.452873942597,9057.452873942597,4582737103159113128345600,1000000000000000,-12,3345.7286884928035,BUY_WETH
500,demo-500,300000328,1,0x00000000000000000000000000000000000000000000000000000000000000a4,0x1111111111111111111111111111111111111111,0x2222222222222222222222222222222222222222,-10.798241991870595,36139.64448127867,36139.64448127867,4583476338914286626668544,1000000000000000,-9,3346.8081664113683,BUY_WETH
500,demo-500,300000330,1,0x00000000000000000000000000000000000000000000000000000000000000a5,0x1111111111111111111111111111111111111111,0x2222222222222222222222222222222222222222,-4.833571651609199,16174.114235418032,16174.114235418032,4583062252631249060364288,1000000000000000,-11,3346.2034704778457,BUY_WETH
500,demo-500,300000332,1,0x00000000000000000000000000000000000000000000000000000000000000a6,0x1111111111111111111111111111111111111111,0x2222222222222222222222222222222222222222,-6.242021487988639,20871.79606517893,20871.79606517893,4581385800034019113435136,1000000000000000,-18,3343.755881863269,BUY_WETH
500,demo-500,300000334,1,0x00000000000000000000000000000000000000000000000000000000000000a7,0x1111111111111111111111111111111111111111,0x2222222222222222222222222222222222222222,-2.4058702548533666,8037.620780836647,8037.620780836647,4579385855800131062857728,1000000000000000,-27,3340.8371730031326,BUY_WETH
500,demo-500,300000336,1,0x00000000000000000000000000000000000000000000000000000000000000a8,0x1111111111111111111111111111111111111111,0x2222222222222222222222222222222222222222,-2.945999975730774,9850.922465448202,9850.922465448202,4581436428265772185288704,1000000000000000,-18,3343.829784996729,BUY_WETH
500,demo-500,300000338,1,0x00000000000000000000000000000000000000000000000000000000000000a9,0x1111111111111111111111111111111111111111,0x2222222222222222222222222222222222222222,-9.478721214280803,31719.222034045262,31719.222034045262,4583170060095589172903936,1000000000000000,-10,3346.3608979507217,BUY_WETH
500,demo-500,300000340,1,0x00000000000000000000000000000000000000000000000000000000000000aa,0x1111111111111111111111111111111111111111,0x2222222222222222222222222222222222222222,-6.866071073383652,22980.522625657413,22980.522625657413,4583586029258373559484416,1000000000000000,-9,3346.9683578926947,BUY_WETH
500,demo-500,300000342,1,0x00000000000000000000000000000000000000000000000000000000000000ab,0x1111111111111111111111111111111111111111,0x2222222222222222222222222222222222222222,-4.842380970560536,16229.44438140855,16229.44438140855,4586716868544247065739264,1000000000000000,4,3351.5422433873246,BUY_WETH
500,demo-500,300000344,1,0x00000000000000000000000000000000000000000000000000000000000000ac,0x1111111111111111111111111111111111111111,0x2222222222222222222222222222222222222222,-1.7375098641695523,5820.920416953524,5820.920416953524,4585764787338606693842944,1000000000000000,0,3350.151004602008,BUY_WETH
500,demo-500,300000346,1,0x00000000000000000000000000000000000000000000000000000000000000ad,0x1111111111111111111111111111111111111111,0x2222222222222222222222222222222222222222,-9.346260428492423,31312.29789826476,31312.29789826476,4585831727451184486678528,1000000000000000,0,3350.248812113993,BUY_WETH
500,demo-500,300000348,1,0x00000000000000000000000000000000000000000000000000000000000000ae,0x1111111111111111111111111111111111111111,0x2222222222222222222222222222222222222222,-2.8400241649155507,9521.178827238384,9521.178827238384,4587371658926088481931264,1000000000000000,7,3352.4992304146467,BUY_WETH
500,demo-500,300000350,1,0x00000000000000000000000000000000000000000000000000000000000000af,0x1111111111111111111111111111111111111111,0x2222222222222222222222222222222222222222,-4.018054489713067,13462.458935931329,13462.458935931329,4585998079605523133497344,1000000000000000,1,3350.4918786934363,BUY_WETH
500,demo-500,300000352,1,0x00000000000000000000000000000000000000000000000000000000000000b0,0x1111111111111111111111111111111111111111,0x2222222222222222222222222222222222222222,-4.819857464662927,16152.197156066846,16152.197156066846,4586467174916741566300160,1000000000000000,3,3351.1773479791977,BUY_WETH
500,demo-500,300000354,1,0x00000000000000000000000000000000000000000000000000000000000000b1,0x1111111111111111111111111111111111111111,0x2222222222222222222222222222222222222222,-6.167250995608494,20670.654402409025,20670.654402409025,4586811417091467512905728,1000000000000000,5,3351.6804192221052,BUY_WETH
500,demo-500,300000356,1,0x00000000000000000000000000000000000000000000000000000000000000b2,0x1111111111111111111111111111111111111111,0x2222222222222222222222222222222222222222,-5.263665391517321,17638.434525573506,17638.434525573506,4586331745675879370457088,1000000000000000,2,3350.97944371593,BUY_WETH
500,demo-500,300000358,1,0x00000000000000000000000000000000000000000000000000000000000000b3,0x1111111111111111111111111111111111111111,0x2222222222222222222222222222222222222222,-5.145295440836064,17244.272668201414,17244.272668201414,4586663359099585450475520,1000000000000000,4,3351.464044482425,BUY_WETH
500,demo-500,300000360,1,0x00000000000000000000000000000000000000000000000000000000000000b4,0x1111111111111111111111111111111111111111,0x2222222222222222222222222222222222222222,-10.39116240062164,34837.88195995204,34837.88195995204,4587471606131945627451392,1000000000000000,7,3352.6453169346964,BUY_WETH
500,demo-500,300000362,1,0x00000000000000000000000000000000000000000000000000000000000000b5,0x1111111111111111111111111111111111111111,0x2222222222222222222222222222222222222222,-5.5164293723340085,18502.294917676965,18502.294917676965,4588421987304064151453696,1000000000000000,12,3354.034588110501,BUY_WETH
500,demo-500,300000364,1,0x00000000000000000000000000000000000000000000000000000000000000b6,0x1111111111111111111111111111111111111111,0x2222222222222222222222222222222222222222,-6.415261790153125,21491.613774136815,21491.613774136815,4585713369516564453261312,1000000000000000,0,3350.0758779828116,BUY_WETH
500,demo-500,300000366,1,0x00000000000000000000000000000000000000000000000000000000000000b7,0x1111111111111111111111111111111111111111,0x2222222222222222222222222222222222222222,-1.5898000397423417,5318.693224594903,5318.693224594903,4582587886172525127794688,1000000000000000,-13,3345.5108137101956,BUY_WETH
500,demo-500,300000368,1,0x00000000000000000000000000000000000000000000000000000000000000b8,0x1111111111111111111111111111111111111111,0x2222222222222222222222222222222222222222,-7.27588539503555,24356.115541229978,24356.115541229978,4583958442040170672816128,1000000000000000,-7,3347.5122571128645,BUY_WETH
500,demo-500,300000370,1,0x00000000000000000000000000000000000000000000000000000000000000b9,0x1111111111111111111111111111111111111111,0x2222222222222222222222222222222222222222,-0.7797354575466039,2609.9000446300593,2609.9000446300593,4583717875779663132884992,1000000000000000,-8,3347.16091126851,BUY_WETH
500,demo-500,300000372,1,0x00000000000000000000000000000000000000000000000000000000000000ba,0x1111111111111111111111111111111111111111,0x2222222222222222222222222222222222222222,-3.553592833166657,11891.355136055783,11891.355136055783,4583122082166653059072000,1000000000000000,-11,3346.290837000374,BUY_WETH
500,demo-500,300000374,1,0x00000000000000000000000000000000000000000000000000000000000000bb,0x1111111111111111111111111111111111111111,0x2222222222222222222222222222222222222222,-11.446255523718158,38319.57479184778,38319.57479184778,4584143519953270402449408,1000000000000000,-6,3347.7825750477564,BUY_WETH
500,demo-500,300000376,1,0x00000000000000000000000000000000000000000000000000000000000000bc,0x1111111111111111111111111111111111111111,0x2222222222222222222222222222222222222222,-3.2811365689299854,10986.199847710948,10986.199847710948,4584491560912873823666176,1000000000000000,-5,3348.2909403230565,BUY_WETH
500,demo-500,300000378,1,0x00000000000000000000000000000000000000000000000000000000000000bd,0x1111111111111111111111111111111111111111,0x2222222222222222222222222222222222222222,-5.22938383323136,17495.151473085545,17495.151473085545,4582612941741114383138816,1000000000000000,-13,3345.5473973641897,BUY_WETH
500,demo-500,300000380,1,0x00000000000000000000000000000000000000000000000000000000000000be,0x1111111111111111111111111111111111111111,0x2222222222222222222222222222222222222222,-2.282817072851264,7636.327564252755,7636.327564252755,4582329371795713844838400,1000000000000000,-14,3345.133368358288,BUY_WETH
500,demo-500,300000382,1,0x00000000000000000000000000000000000000000000000000000000000000bf,0x1111111111111111111111111111111111111111,0x2222222222222222222222222222222222222222,-2.28426047778226,7641.778308202245,7641.778308202245,4582515980300963763191808,1000000000000000,-13,3345.405825005336,BUY_WETH
500,demo-500,300000384,1,0x00000000000000000000000000000000000000000000000000000000000000c0,0x1111111111111111111111111111111111111111,0x2222222222222222222222222222222222222222,-8.232906800937753,27563.855452093398,27563.855452093398,4584299320567568202203136,1000000000000000,-5,3348.0101401067473,BUY_WETH
500,demo-500,300000386,1,0x00000000000000000000000000000000000000000000000000000000000000c1,0x1111111111111111111111111111111111111111,0x2222222222222222222222222222222222222222,-4.098890046882054,13733.545764523247,13733.545764523247,4586039478864411944288256,1000000000000000,1,3350.5523708717415,BUY_WETH
500,demo-500,300000388,1,0x00000000000000000000000000000000000000000000000000000000000000c2,0x1111111111111111111111111111111111111111,0x2222222222222222222222222222222222222222,-5.01568694182658,16811.37445302579,16811.37445302579,4586865268581714817449984,1000000000000000,5,3351.759120537043,BUY_WETH
500,demo-500,300000390,1,0x00000000000000000000000000000000000000000000000000000000000000c3,0x1111111111111111111111111111111111111111,0x2222222222222222222222222222222222222222,-4.460869037674688,14947.689085721406,14947.689085721406,4586241026114891188011008,1000000000000000,2,3350.8468774759567,BUY_WETH
500,demo-500,300000392,1,0x00000000000000000000000000000000000000000000000000000000000000c4,0x1111111111111111111111111111111111111111,0x2222222222222222222222222222222222222222,-1.4950801470963249,5005.22673694391,5005.22673694391,4584154268745952286212096,1000000000000000,-6,3347.7982746709786,BUY_WETH
500,demo-500,300000394,1,0x00000000000000000000000000000000000000000000000000000000000000c5,0x1111111111111111111111111111111111111111,0x2222222222222222222222222222222222222222,-4.859861219359292,16278.881364724319,16278.881364724319,4585428533180089923272704,1000000000000000,-1,3349.659718651487,BUY_WETH
500,demo-500,300000396,1,0x00000000000000000000000000000000000000000000000000000000000000c6,0x1111111111111111111111111111111111111111,0x2222222222222222222222222222222222222222,-8.063894133446276,27015.39349608708,27015.39349608708,4585775860266477853605888,1000000000000000,0,3350.1671833756427,BUY_WETH
500,demo-500,300000398,1,0x00000000000000000000000000000000000000000000000000000000000000c7,0x1111111111111111111111111111111111111111,0x2222222222222222222222222222222222222222,-3.2703207400576644,10942.829335656954,10942.829335656954,4582993301059792722198528,1000000000000000,-11,3346.1027848491713,BUY_WETH
500,demo-500,300000400,1,0x00000000000000000000000000000000000000000000000000000000000000c8,0x1111111111111111111111111111111111111111,0x2222222222222222222222222222222222222222,-6.43321871971909,21528.853079990156,21528.853079990156,4583274537875265214742528,1000000000000000,-10,3346.513466734771,BUY_WETH
500,demo-500,300000402,1,0x00000000000000000000000000000000000000000000000000000000000000c9,0x1111111111111111111111111111111111111111,0x2222222222222222222222222222222222222222,-8.148722928998025,27262.613094280638,27262.613094280638,4582669615450400655147008,1000000000000000,-13,3345.630147426411,BUY_WETH
500,demo-500,300000404,1,0x00000000000000000000000000000000000000000000000000000000000000ca,0x1111111111111111111111111111111111111111,0x2222222222222222222222222222222222222222,-2.1157503787154024,7079.560750549262,7079.560750549262,4583007062699045686345728,1000000000000000,-11,3346.1228799815613,BUY_WETH
500,demo-500,300000406,1,0x00000000000000000000000000000000000000000000000000000000000000cb,0x1111111111111111111111111111111111111111,0x2222222222222222222222222222222222222222,-7.550739148017332,25249.2395444516,25249.2395444516,4581513825499800106172416,1000000000000000,-18,3343.942765004871,BUY_WETH
500,demo-500,300000408,1,0x00000000000000000000000000000000000000000000000000000000000000cc,0x1111111111111111111111111111111111111111,0x2222222222222222222222222222222222222222,-0.2715817977430353,908.4488489405904,908.4488489405904,4582257532718268391882752,1000000000000000,-14,3345.02848309497,BUY_WETH
500,demo-500,300000410,1,0x00000000000000000000000000000000000000000000000000000000000000cd,0x1111111111111111111111111111111111111111,0x2222222222222222222222222222222222222222,-6.983559456260207,23382.243279844988,23382.243279844988,4584418470881606080921600,1000000000000000,-5,3348.184178325376,BUY_WETH
500,demo-500,300000412,1,0x00000000000000000000000000000000000000000000000000000000000000ce,0x1111111111111111111111111111111111111111,0x2222222222222222222222222222222222222222,-4.340569487583507,14546.692070324245,14546.692070324245,4586573420646162818400256,1000000000000000,3,3351.332610141605,BUY_WETH
500,demo-500,300000414,1,0x00000000000000000000000000000000000000000000000000000000000000cf,0x1111111111111111111111111111111111111111,0x2222222222222222222222222222222222222222,-2.3463842163674204,7861.88623723813,7861.88623723813,4586098698675420789735424,1000000000000000,1,3350.638903209804,BUY_WETH
500,demo-500,300000416,1,0x00000000000000000000000000000000000000000000000000000000000000d0,0x1111111111111111111111111111111111111111,0x2222222222222222222222222222222222222222,-4.892142379641869,16420.91197133566,16420.91197133566,4590169005702657427374080,1000000000000000,19,3356.589137648475,BUY_WETH
500,demo-500,300000418,1,0x00000000000000000000000000000000000000000000000000000000000000d1,0x1111111111111111111111111111111111111111,0x2222222222222222222222222222222222222222,-3.622979580569119,12174.367937514484,12174.367937514484,4592718763508782159888384,1000000000000000,30,3360.319225316214,BUY_WETH
500,demo-500,300000420,1,0x00000000000000000000000000000000000000000000000000000000000000d2,0x1111111111111111111111111111111111111111,0x2222222222222222222222222222222222222222,-0.8801212717192067,2957.8276208692805,2957.8276208692805,4592982122739300401414144,1000000000000000,31,3360.7046164121616,BUY_WETH
500,demo-500,300000422,1,0x00000000000000000000000000000000000000000000000000000000000000d3,0x1111111111111111111111111111111111111111,0x2222222222222222222222222222222222222222,-7.992667067112897,26853.794175600247,26853.794175600247,4592366605806439969587200,1000000000000000,29,3359.8039240361286,BUY_WETH
500,demo-500,300000424,1,0x00000000000000000000000000000000000000000000000000000000000000d4,0x1111111111111111111111111111111111111111,0x2222222222222222222222222222222222222222,-8.236878496761634,27650.04790441151,27650.04790441151,4590354201608109103775744,1000000000000000,20,3356.8599943877102,BUY_WETH
500,demo-500,300000426,1,0x00000000000000000000000000000000000000000000000000000000000000d5,0x1111111111111111111111111111111111111111,0x2222222222222222222222222222222222222222,-2.56263619833171,8604.441675141697,8604.441675141697,4590895983994553807929344,1000000000000000,22,3357.6524364805414,BUY_WETH
500,demo-500,300000428,1,0x00000000000000000000000000000000000000000000000000000000000000d6,0x1111111111111111111111111111111111111111,0x2222222222222222222222222222222222222222,-4.131839233423767,13868.40890965128,13868.40890965128,4590089939919538294358016,1000000000000000,19,3356.4735039701673,BUY_WETH
500,demo-500,300000430,1,0x00000000000000000000000000000000000000000000000000000000000000d7,0x1111111111111111111111111111111111111111,0x2222222222222222222222222222222222222222,-3.925298676900987,13174.704306512169,13174.704306512169,4590010384854894778515456,1000000000000000,18,3356.3571567281506,BUY_WETH
500,demo-500,300000432,1,0x00000000000000000000000000000000000000000000000000000000000000d8,0x1111111111111111111111111111111111111111,0x2222222222222222222222222222222222222222,-4.548846093322831,15258.710677366644,15258.710677366644,4588681151367154380046336,1000000000000000,13,3354.4134851615727,BUY_WETH
500,demo-500,300000434,1,0x00000000000000000000000000000000000000000000000000000000000000d9,0x1111111111111111111111111111111111111111,0x2222222222222222222222222222222222222222,-1.9075944338536215,6394.260846212308,6394.260846212308,4587031630529730487255040,1000000000000000,5,3352.002256210698,BUY_WETH
500,demo-500,300000436,1,0x00000000000000000000000000000000000000000000000000000000000000da,0x1111111111111111111111111111111111111111,0x2222222222222222222222222222222222222222,-7.740669922845333,25945.868029991114,25945.868029991114,4586954284410441216032768,1000000000000000,5,3351.8892148360555,BUY_WETH
500,demo-500,300000438,1,0x00000000000000000000000000000000000000000000000000000000000000db,0x1111111111111111111111111111111111111111,0x2222222222222222222222222222222222222222,-5.385290735764127,18031.573363175645,18031.573363175645,4584498321587079106002944,1000000000000000,-5,3348.3008156693545,BUY_WETH
500,demo-500,300000440,1,0x00000000000000000000000000000000000000000000000000000000000000dc,0x1111111111111111111111111111111111111111,0x2222222222222222222222222222222222222222,-2.750613456312255,9205.691065787792,9205.691065787792,4583455299858396040134656,1000000000000000,-9,3346.7774414693126,BUY_WETH
500,demo-500,300000442,1,0x00000000000000000000000000000000000000000000000000000000000000dd,0x1111111111111111111111111111111111111111,0x2222222222222222222222222222222222222222,-3.9824907674692263,13336.472798184004,13336.472798184004,4584824188109637417959424,1000000000000000,-3,3348.776827587977,BUY_WETH
500,demo-500,300000444,1,0x00000000000000000000000000000000000000000000000000000000000000de,0x1111111111111111111111111111111111111111,0x2222222222222222222222222222222222222222,-3.2758051346603483,10981.44572268246,10981.44572268246,4587227865453047960305664,1000000000000000,6,3352.289062157866,BUY_WETH
500,demo-500,300000446,1,0x00000000000000000000000000000000000000000000000000000000000000df,0x1111111111111111111111111111111111111111,0x2222222222222222222222222222222222222222,-4.757983966552378,15954.452940985171,15954.452940985171,4587848363937028760403968,1000000000000000,9,3353.19602864188,BUY_WETH
500,demo-500,300000448,1,0x00000000000000000000000000000000000000000000000000000000000000e0,0x1111111111111111111111111111111111111111,0x2222222222222222222222222222222222222222,-6.949004473702118,23289.075383199775,23289.075383199775,4586637435926185011838976,1000000000000000,4,3351.4261605867696,BUY_WETH
500,demo-500,300000450,1,0x00000000000000000000000000000000000000000000000000000000000000e1,0x1111111111111111111111111111111111111111,0x2222222222222222222222222222222222222222,-6.991482470085419,23428.89522642282,23428.89522642282,4586388632072903381221376,1000000000000000,3,3351.062571731883,BUY_WETH
500,demo-500,300000452,1,0x00000000000000000000000000000000000000000000000000000000000000e2,0x1111111111111111111111111111111111111111,0x2222222222222222222222222222222222222222,-2.455318545649431,8227.653702287054,8227.653702287054,4586312717413744398827520,1000000000000000,2,3350.951637972026,BUY_WETH
500,demo-500,300000454,1,0x00000000000000000000000000000000000000000000000000000000000000e3,0x1111111111111111111111111111111111111111,0x2222222222222222222222222222222222222222,-5.511543614107432,18467.596525645266,18467.596525645266,4586148871973233089314816,1000000000000000,2,3350.712217603671,BUY_WETH
500,demo-500,300000456,1,0x00000000000000000000000000000000000000000000000000000000000000e4,0x1111111111111111111111111111111111111111,0x2222222222222222222222222222222222222222,-2.935787506994014,9843.578933983394,9843.578933983394,4587687092837313914339328,1000000000000000,8,3352.960291074454,BUY_WETH
500,demo-500,300000458,1,0x00000000000000000000000000000000000000000000000000000000000000e5,0x1111111111111111111111111111111111111111,0x2222222222222222222222222222222222222222,-0.7465523373012531,2503.09142792965,2503.09142792965,4587623940831584016400384,1000000000000000,8,3352.8679810690724,BUY_WETH
500,demo-500,300000460,1,0x00000000000000000000000000000000000000000000000000000000000000e6,0x1111111111111111111111111111111111111111,0x2222222222222222222222222222222222222222,-2.4644230033309182,8266.653228234189,8266.653228234189,4588669903399960172298240,1000000000000000,13,3354.397040224412,BUY_WETH
500,demo-500,300000462,1,0x00000000000000000000000000000000000000000000000000000000000000e7,0x1111111111111111111111111111111111111111,0x2222222222222222222222222222222222222222,-5.213802207278055,17467.048491527366,17467.048491527366,4585767910103033617317888,1000000000000000,0,3350.155567302639,BUY_WETH
500,demo-500,300000464,1,0x00000000000000000000000000000000000000000000000000000000000000e8,0x1111111111111111111111111111111111111111,0x2222222222222222222222222222222222222222,-1.2765578575068939,4279.977466093121,4279.977466093121,4587542211961876411056128,1000000000000000,8,3352.748518936602,BUY_WETH
500,demo-500,300000466,1,0x00000000000000000000000000000000000000000000000000000000000000e9,0x1111111111111111111111111111111111111111,0x2222222222222222222222222222222222222222,-3.3760799120018286,11310.525980520468,11310.525980520468,4585794885985126750093312,1000000000000000,0,3350.194982148379,BUY_WETH
500,demo-500,300000468,1,0x00000000000000000000000000000000000000000000000000000000000000ea,0x1111111111111111111111111111111111111111,0x2222222222222222222222222222222222222222,-6.397178704046078,21414.850995011264,21414.850995011264,4583981653526671926493184,1000000000000000,-7,3347.546158350529,BUY_WETH
500,demo-500,300000470,1,0x00000000000000000000000000000000000000000000000000000000000000eb,0x1111111111111111111111111111111111111111,0x2222222222222222222222222222222222222222,-3.439197970991532,11506.367371858181,11506.367371858181,4582686135313428620771328,1000000000000000,-12,3345.6542684982037,BUY_WETH
500,demo-500,300000472,1,0x00000000000000000000000000000000000000000000000000000000000000ec,0x1111111111111111111111111111111111111111,0x2222222222222222222222222222222222222222,-3.346369954764017,11200.368321281841,11200.368321281841,4583621626776778702848000,1000000000000000,-8,3347.020345236061,BUY_WETH
500,demo-500,300000474,1,0x00000000000000000000000000000000000000000000000000000000000000ed,0x1111111111111111111111111111111111111111,0x2222222222222222222222222222222222222222,-2.765065286273548,9257.533453061611,9257.533453061611,4584315869276790528671744,1000000000000000,-5,3348.034311890661,BUY_WETH
500,demo-500,300000476,1,0x00000000000000000000000000000000000000000000000000000000000000ee,0x1111111111111111111111111111111111111111,0x2222222222222222222222222222222222222222,-0.4427117267389312,1480.9563972816961,1480.9563972816961,4582370567504294022479872,1000000000000000,-14,3345.193514955211,BUY_WETH
500,demo-500,300000478,1,0x00000000000000000000000000000000000000000000000000000000000000ef,0x1111111111111111111111111111111111111111,0x2222222222222222222222222222222222222222,-4.513340809022611,15117.66871082103,15117.66871082103,4585354648179104727171072,1000000000000000,-1,3349.551773400167,BUY_WETH
3000,demo-3000,300000000,1,0x0000000000000000000000000000000000000000000000000000000000000000,0x1111111111111111111111111111111111111111,0x2222222222222222222222222222222222222222,-5.2856590368713245,17720.554419172808,17720.554419172808,4587421695456914270322688,1000000000000000,7,3352.5723652545544,BUY_WETH
3000,demo-3000,300000002,1,0x0000000000000000000000000000000000000000000000000000000000000001,0x1111111111111111111111111111111111111111,0x2222222222222222222222222222222222222222,-5.501779214867226,18447.178314369354,18447.178314369354,4587678522479766428188672,1000000000000000,8,3352.9477636107827,BUY_WETH
3000,demo-3000,300000004,1,0x0000000000000000000000000000000000000000000000000000000000000002,0x1111111111111111111111111111111111111111,0x2222222222222222222222222222222222222222,-2.5762770260342798,8649.660681385674,8649.660681385674,4590741500190952888729600,1000000000000000,22,3357.426470048638,BUY_WETH
3000,demo-3000,300000006,1,0x0000000000000000000000000000000000000000000000000000000000000003,0x1111111111111111111111111111111111111111,0x2222222222222222222222222222222222222222,-2.651455901359737,8892.362983640807,8892.362983640807,4588238350682908895739904,1000000000000000,11,3353.7661248978598,BUY_WETH
3000,demo-3000,300000008,1,0x0000000000000000000000000000000000000000000000000000000000000004,0x1111111111111111111111111111111111111111,0x2222222222222222222222222222222222222222,-7.378504475300612,24722.658472337484,24722.658472337484,4586094462736290753282048,1000000000000000,1,3350.632713593393,BUY_WETH
3000,demo-3000,300000010,1,0x0000000000000000000000000000000000000000000000000000000000000005,0x1111111111111111111111111111111111111111,0x2222222222222222222222222222222222222222,-2.7883673486570166,9348.160093647062,9348.160093647062,4587411089927713952104448,1000000000000000,7,3352.5568638398704,BUY_WETH
3000,demo-3000,300000012,1,0x0000000000000000000000000000000000000000000000000000000000000006,0x1111111111111111111111111111111111111111,0x2222222222222222222222222222222222222222,-4.420881233824242,14806.830121730147,14806.830121730147,4585178071268084506689536,1000000000000000,-2,3349.2938033355936,BUY_WETH
3000,demo-3000,300000014,1,0x0000000000000000000000000000000000000000000000000000000000000007,0x1111111111111111111111111111111111111111,0x2222222222222222222222222222222222222222,-2.2001500639429414,7376.124760184844,7376.124760184844,4587410020784342321594368,1000000000000000,7,3352.555301144284,BUY_WETH
3000,demo-3000,300000016,1,0x0000000000000000000000000000000000000000000000000000000000000008,0x1111111111111111111111111111111111111111,0x2222222222222222222222222222222222222222,-2.4802387803311334,8318.202952962733,8318.202952962733,4588255491394305901199360,1000000000000000,11,3353.7911829006157,BUY_WETH
3000,demo-3000,300000018,1,0x0000000000000000000000000000000000000000000000000000000000000009,0x1111111111111111111111111111111111111111,0x2222222222222222222222222222222222222222,-2.472618270731868,8298.684532109231,8298.684532109231,4589925901923228502196224,1000000000000000,18,3356.2336048147504,BUY_WETH
3000,demo-3000,300000020,1,0x000000000000000000000000000000000000000000000000000000000000000a,0x1111111111111111111111111111111111111111,0x2222222222222222222222222222222222222222,-1.324215345008491,4443.48809424393,4443.48809424393,4589467365894877834379264,1000000000000000,16,3355.563059281297,BUY_WETH
3000,demo-3000,300000022,1,0x000000000000000000000000000000000000000000000000000000000000000b,0x1111111111111111111111111111111111111111,0x2222222222222222222222222222222222222222,-9.087420464873246,30472.552467415066,30472.552467415066,4587897314784081751310336,1000000000000000,9,3353.26758404153,BUY_WETH
3000,demo-3000,300000024,1,0x000000000000000000000000000000000000000000000000000000000000000c,0x1111111111111111111111111111111111111111,0x2222222222222222222222222222222222222222,-4.287378863870214,14384.98663064392,14384.98663064392,4589214781383713027522560,1000000000000000,15,3355.1937179768156,BUY_WETH
3000,demo-3000,300000026,1,0x000000000000000000000000000000000000000000000000000000000000000d,0x1111111111111111111111111111111111111111,0x2222222222222222222222222222222222222222,-0.28502625034545265,955.7357713936732,955.7357713936732,4587816875711687924121600,1000000000000000,9,3353.150000167769,BUY_WETH
3000,demo-3000,300000028,1,0x000000000000000000000000000000000000000000000000000000000000000e,0x1111111111111111111111111111111111111111,0x2222222222222222222222222222222222222222,-5.286597827486405,17721.87072672332,17721.87072672332,4587184723442631119470592,1000000000000000,6,3352.2260071652654,BUY_WETH
3000,demo-3000,300000030,1,0x000000000000000000000000000000000000000000000000000000000000000f,0x1111111111111111111111111111111111111111,0x2222222222222222222222222222222222222222,-5.118056506046697,17155.872648214467,17155.872648214467,4587049770954348107399168,1000000000000000,6,3352.0287687222217,BUY_WETH
3000,demo-3000,300000032,1,0x0000000000000000000000000000000000000000000000000000000000000010,0x1111111111111111111111111111111111111111,0x2222222222222222222222222222222222222222,-5.196021093747371,17403.535031709438,17403.535031709438,4585248388435681929592832,1000000000000000,-1,3349.396532021776,BUY_WETH
3000,demo-3000,300000034,1,0x0000000000000000000000000000000000000000000000000000000000000011,0x1111111111111111111111111111111111111111,0x2222222222222222222222222222222222222222,-8.842148070216638,29615.058340228596,29615.058340228596,4585186323547717772509184,1000000000000000,-2,3349.305859283468,BUY_WETH
3000,demo-3000,300000036,1,0x0000000000000000000000000000000000000000000000000000000000000012,0x1111111111111111111111111111111111111111,0x2222222222222222222222222222222222222222,-4.999608354924042,16767.098757739874,16767.098757739874,4588181107782534649872384,1000000000000000,10,3353.6824421909364,BUY_WETH
3000,demo-3000,300000038,1,0x0000000000000000000000000000000000000000000000000000000000000013,0x1111111111111111111111111111111111111111,0x2222222222222222222222222222222222222222,-5.195634316962946,17415.160832142326,17415.160832142326,4586950360041976284315648,1000000000000000,5,3351.8834794212726,BUY_WETH
3000,demo-3000,300000040,1,0x0000000000000000000000000000000000000000000000000000000000000014,0x1111111111111111111111111111111111111111,0x2222222222222222222222222222222222222222,-3.378074374371223,11318.095658283757,11318.095658283757,4585974761272339310051328,1000000000000000,1,3350.4578064212833,BUY_WETH
3000,demo-3000,300000042,1,0x0000000000000000000000000000000000000000000000000000000000000015,0x1111111111111111111111111111111111111111,0x2222222222222222222222222222222222222222,-2.56998121653251,8610.260119629163,8610.260119629163,4585880621465338283819008,1000000000000000,0,3350.3202530197345,BUY_WETH
3000,demo-3000,300000044,1,0x0000000000000000000000000000000000000000000000000000000000000016,0x1111111111111111111111111111111111111111,0x2222222222222222222222222222222222222222,-5.0913111861718185,17064.760057343305,17064.760057343305,4586853354921356502761472,1000000000000000,5,3351.7417092264554,BUY_WETH
3000,demo-3000,300000046,1,0x0000000000000000000000000000000000000000000000000000000000000017,0x1111111111111111111111111111111111111111,0x2222222222222222222222222222222222222222,-4.878263192981647,16353.539676263956,16353.539676263956,4587254700367055943630848,1000000000000000,6,3352.3282835152845,BUY_WETH
3000,demo-3000,300000048,1,0x0000000000000000000000000000000000000000000000000000000000000018,0x1111111111111111111111111111111111111111,0x2222222222222222222222222222222222222222,-2.8258528858225334,9468.363962260333,9468.363962260333,4586086916241268443971584,1000000000000000,1,3350.621686558299,BUY_WETH
3000,demo-3000,300000050,1,0x0000000000000000000000000000000000000000000000000000000000000019,0x1111111111111111111111111111111111111111,0x2222222222222222222222222222222222222222,-3.8987769778153423,13061.156963149693,13061.156963149693,4585706041492795333541888,1000000000000000,0,3350.0651710702464,BUY_WETH
3000,demo-3000,300000052,1,0x000000000000000000000000000000000000000000000000000000000000001a,0x1111111111111111111111111111111111111111,0x2222222222222222222222222222222222222222,-5.360246326354541,17960.114671221247,17960.114671221247,4586081437092340257783808,1000000000000000,1,3350.613680367143,BUY_WETH
3000,demo-3000,300000054,1,0x000000000000000000000000000000000000000000000000000000000000001b,0x1111111111111111111111111111111111111111,0x2222222222222222222222222222222222222222,-5.557743011104227,18604.091694855164,18604.091694855164,4583894238140791676469248,1000000000000000,-7,3347.4184858286303,BUY_WETH
3000,demo-3000,300000056,1,0x000000000000000000000000000000000000000000000000000000000000001c,0x1111111111111111111111111111111111111111,0x2222222222222222222222222222222222222222,-3.723292161899382,12451.701370326475,12451.701370326475,4581739296064040104624128,1000000000000000,-17,3344.271904779673,BUY_WETH
3000,demo-3000,300000058,1,0x000000000000000000000000000000000000000000000000000000000000001d,0x1111111111111111111111111111111111111111,0x2222222222222222222222222222222222222222,-0.20261484057433438,677.459501201799,677.459501201799,4581267243722081128415232,1000000000000000,-19,3343.582825825909,BUY_WETH
3000,demo-3000,300000060,1,0x000000000000000000000000000000000000000000000000000000000000001e,0x1111111111111111111111111111111111111111,0x2222222222222222222222222222222222222222,-5.789481283985756,19358.850147429017,19358.850147429017,4581413968398201986744320,1000000000000000,-18,3343.796999737679,BUY_WETH
3000,demo-3000,300000062,1,0x000000000000000000000000000000000000000000000000000000000000001f,0x1111111111111111111111111111111111111111,0x2222222222222222222222222222222222222222,-4.241499527979651,14181.144547755652,14181.144547755652,4581160570403995267366912,1000000000000000,-19,3343.4271191609773,BUY_WETH
3000,demo-3000,300000064,1,0x0000000000000000000000000000000000000000000000000000000000000020,0x1111111111111111111111111111111111111111,0x2222222222222222222222222222222222222222,-2.7557216013573735,9211.144782500489,9211.144782500489,4580561492808531248676864,1000000000000000,-22,3342.552737534661,BUY_WETH
3000,demo-3000,300000066,1,0x0000000000000000000000000000000000000000000000000000000000000021,0x1111111111111111111111111111111111111111,0x2222222222222222222222222222222222222222,-3.8979051434445506,13026.493768366243,13026.493768366243,4580129089704333148160000,1000000000000000,-24,3341.9216961382554,BUY_WETH
3000,demo-3000,300000068,1,0x0000000000000000000000000000000000000000000000000000000000000022,0x1111111111111111111111111111111111111111,0x2222222222222222222222222222222222222222,-2.143172751945409,7162.775194096285,7162.775194096285,4580276063173141755592704,1000000000000000,-23,3342.136179920384,BUY_WETH
3000,demo-3000,300000070,1,0x0000000000000000000000000000000000000000000000000000000000000023,0x1111111111111111111111111111111111111111,0x2222222222222222222222222222222222222222,-73.9034288546273,250000.0,250000.0,4608051177819842044493824,1000000000000000,97,3382.7929755704,BUY_WETH
3000,demo-3000,300000072,1,0x0000000000000000000000000000000000000000000000000000000000000024,0x1111111111111111111111111111111111111111,0x2222222222222222222222222222222222222222,-4.152943683021515,14047.156592223399,14047.156592223399,4607822857091954293866496,1000000000000000,96,3382.457761142393,BUY_WETH
3000,demo-3000,300000074,1,0x0000000000000000000000000000000000000000000000000000000000000025,0x1111111111111111111111111111111111111111,0x2222222222222222222222222222222222222222,-0.892078542794923,3018.584638855219,3018.584638855219,4608713550539800751112192,1000000000000000,100,3383.7655475916445,BUY_WETH
3000,demo-3000,300000076,1,0x0000000000000000000000000000000000000000000000000000000000000026,0x1111111111111111111111111111111111111111,0x2222222222222222222222222222222222222222,-6.006044974328424,20187.33719571335,20187.33719571335,4593300012471517228040192,1000000000000000,33,3361.1698350578254,BUY_WETH
3000,demo-3000,300000078,1,0x0000000000000000000000000000000000000000000000000000000000000027,0x1111111111111111111111111111111111111111,0x2222222222222222222222222222222222222222,-6.380385511629934,21449.813331894078,21449.813331894078,4593755561196399869558784,1000000000000000,35,3361.836568150332,BUY_WETH
3000,demo-3000,300000080,1,0x0000000000000000000000000000000000000000000000000000000000000028,0x1111111111111111111111111111111111111111,0x2222222222222222222222222222222222222222,-4.661746611418261,15664.85947528708,15664.85947528708,4592704502034588877455360,1000000000000000,30,3360.2983561822766,BUY_WETH
3000,demo-3000,300000082,1,0x0000000000000000000000000000000000000000000000000000000000000029,0x1111111111111111111111111111111111111111,0x2222222222222222222222222222222222222222,-6.507160952920959,21875.75319674799,21875.75319674799,4593728425128075278155776,1000000000000000,35,3361.7968504265014,BUY_WETH
3000,demo-3000,300000084,1,0x000000000000000000000000000000000000000000000000000000000000002a,0x1111111111111111111111111111111111111111,0x2222222222222222222222222222222222222222,-1.3000444654423633,4371.117793923351,4371.117793923351,4594060766913392564764672,1000000000000000,36,3362.283298853167,BUY_WETH
3000,demo-3000,300000086,1,0x000000000000000000000000000000000000000000000000000000000000002b,0x1111111111111111111111111111111111111111,0x2222222222222222222222222222222222222222,-8.48069602855342,28525.238927937957,28525.238927937957,4594925565649366546382848,1000000000000000,40,3363.549269057295,BUY_WETH
3000,demo-3000,300000088,1,0x000000000000000000000000000000000000000000000000000000000000002c,0x1111111111111111111111111111111111111111,0x2222222222222222222222222222222222222222,-5.973066342963042,20104.90243892195,20104.90243892195,4596549056716022229237760,1000000000000000,47,3365.926524925984,BUY_WETH
3000,demo-3000,300000090,1,0x000000000000000000000000000000000000000000000000000000000000002d,0x1111111111111111111111111111111111111111,0x2222222222222222222222222222222222222222,-7.87652699736493,26482.90332805218,26482.90332805218,4594042392087909497831424,1000000000000000,36,3362.256402715557,BUY_WETH
3000,demo-3000,300000092,1,0x000000000000000000000000000000000000000000000000000000000000002e,0x1111111111111111111111111111111111111111,0x2222222222222222222222222222222222222222,-1.4255816125086747,4792.67683260269,4792.67683260269,4593805613070828282314752,1000000000000000,35,3361.9098272239585,BUY_WETH
3000,demo-3000,300000094,1,0x000000000000000000000000000000000000000000000000000000000000002f,0x1111111111111111111111111111111111111111,0x2222222222222222222222222222222222222222,-1.3591225521589865,4570.4539522841715,4570.4539522841715,4594412059161167810002944,1000000000000000,38,3362.7975233167435,BUY_WETH
3000,demo-3000,300000096,1,0x0000000000000000000000000000000000000000000000000000000000000030,0x1111111111111111111111111111111111111111,0x2222222222222222222222222222222222222222,-3.656636799261496,12285.369968635325,12285.369968635325,4592326852185600502530048,1000000000000000,29,3359.7457562961986,BUY_WETH
3000,demo-3000,300000098,1,0x0000000000000000000000000000000000000000000000000000000000000031,0x1111111111111111111111111111111111111111,0x2222222222222222222222222222222222222222,-4.360253137782552,14662.391812394462,14662.391812394462,4594371850981996956221440,1000000000000000,37,3362.738664262773,BUY_WETH
3000,demo-3000,300000100,1,0x0000000000000000000000000000000000000000000000000000000000000032,0x1111111111111111111111111111111111111111,0x2222222222222222222222222222222222222222,-10.029121364284839,33731.71167377008,33731.71167377008,4594807592961447580139520,1000000000000000,39,3363.3765559856133,BUY_WETH
3000,demo-3000,300000102,1,0x0000000000000000000000000000000000000000000000000000000000000033,0x1111111111111111111111111111111111111111,0x2222222222222222222222222222222222222222,-5.06954643435531,17069.819257553714,17069.819257553714,4597370369280859189542912,1000000000000000,51,3367.129481618895,BUY_WETH
3000,demo-3000,300000104,1,0x0000000000000000000000000000000000000000000000000000000000000034,0x1111111111111111111111111111111111111111,0x2222222222222222222222222222222222222222,-1.9759528601283975,6652.164293194049,6652.164293194049,4596981726297077827239936,1000000000000000,49,3366.5602188312278,BUY_WETH
3000,demo-3000,300000106,1,0x0000000000000000000000000000000000000000000000000000000000000035,0x1111111111111111111111111111111111111111,0x2222222222222222222222222222222222222222,-6.486989692979579,21828.225128514932,21828.225128514932,4595864246596237122338816,1000000000000000,44,3364.9236643828976,BUY_WETH
3000,demo-3000,300000108,1,0x0000000000000000000000000000000000000000000000000000000000000036,0x1111111111111111111111111111111111111111,0x2222222222222222222222222222222222222222,-5.642589962902439,18992.144080565635,18992.144080565635,4596500756219980272369664,1000000000000000,47,3365.855787046494,BUY_WETH
3000,demo-3000,300000110,1,0x0000000000000000000000000000000000000000000000000000000000000037,0x1111111111111111111111111111111111111111,0x2222222222222222222222222222222222222222,-3.280294836774601,11048.687882701373,11048.687882701373,4598100890000653725728768,1000000000000000,54,3368.1996382877464,BUY_WETH
3000,demo-3000,300000112,1,0x0000000000000000000000000000000000000000000000000000000000000038,0x1111111111111111111111111111111111111111,0x2222222222222222222222222222222222222222,-7.298306060629847,24581.18689645331,24581.18689645331,4598010643190940988080128,1000000000000000,53,3368.067424447248,BUY_WETH
3000,demo-3000,300000114,1,0x0000000000000000000000000000000000000000000000000000000000000039,0x1111111111111111111111111111111111111111,0x2222222222222222222222222222222222222222,-8.202690645031492,27638.511981591775,27638.511981591775,4598950615294516314243072,1000000000000000,57,3369.4446344057715,BUY_WETH
3000,demo-3000,300000116,1,0x000000000000000000000000000000000000000000000000000000000000003a,0x1111111111111111111111111111111111111111,0x2222222222222222222222222222222222222222,-4.514438209948198,15215.376999628514,15215.376999628514,4599589627935306981310464,1000000000000000,60,3370.3810512012983,BUY_WETH
3000,demo-3000,300000118,1,0x000000000000000000000000000000000000000000000000000000000000003b,0x1111111111111111111111111111111111111111,0x2222222222222222222222222222222222222222,-2.662716109421326,8976.64323254302,8976.64323254302,4600172668499679848169472,1000000000000000,63,3371.2355593529146,BUY_WETH
3000,demo-3000,300000120,1,0x000000000000000000000000000000000000000000000000000000000000003c,0x1111111111111111111111111111111111111111,0x2222222222222222222222222222222222222222,-6.897391461939241,23226.046028074594,23226.046028074594,4597532282138324025475072,1000000000000000,51,3367.366656835287,BUY_WETH
3000,demo-3000,300000122,1,0x000000000000000000000000000000000000000000000000000000000000003d,0x1111111111111111111111111111111111111111,0x2222222222222222222222222222222222222222,-6.169951386590482,20775.686637753075,20775.686637753075,4597443552971051216404480,1000000000000000,51,3367.236682432555,BUY_WETH
3000,demo-3000,300000124,1,0x000000000000000000000000000000000000000000000000000000000000003e,0x1111111111111111111111111111111111111111,0x2222222222222222222222222222222222222222,-4.374946506443208,14713.97377747113,14713.97377747113,4594710988087265670987776,1000000000000000,39,3363.235128886972,BUY_WETH
3000,demo-3000,300000126,1,0x000000000000000000000000000000000000000000000000000000000000003f,0x1111111111111111111111111111111111111111,0x2222222222222222222222222222222222222222,-3.0406393351446437,10222.090967369972,10222.090967369972,4593746227275760085762048,1000000000000000,35,3361.8229065249216,BUY_WETH
3000,demo-3000,300000128,1,0x0000000000000000000000000000000000000000000000000000000000000040,0x1111111111111111111111111111111111111111,0x2222222222222222222222222222222222222222,-4.464789566654908,14986.138660766539,14986.138660766539,4590119157030910511022080,1000000000000000,19,3356.5162337526235,BUY_WETH
3000,demo-3000,300000130,1,0x0000000000000000000000000000000000000000000000000000000000000041,0x1111111111111111111111111111111111111111,0x2222222222222222222222222222222222222222,-6.3802843882500255,21428.979496773645,21428.979496773645,4591560487497817449824256,1000000000000000,25,3358.624505239515,BUY_WETH
3000,demo-3000,300000132,1,0x0000000000000000000000000000000000000000000000000000000000000042,0x1111111111111111111111111111111111111111,0x2222222222222222222222222222222222222222,-5.321712801631665,17866.1162551473,17866.1162551473,4590594636965014258319360,1000000000000000,21,3357.21165743282,BUY_WETH
3000,demo-3000,300000134,1,0x0000000000000000000000000000000000000000000000000000000000000043,0x1111111111111111111111111111111111111111,0x2222222222222222222222222222222222222222,-2.037445901664345,6843.76076388774,6843.76076388774,4591810432802674479988736,1000000000000000,26,3358.990174069025,BUY_WETH
3000,demo-3000,300000136,1,0x0000000000000000000000000000000000000000000000000000000000000044,0x1111111111111111111111111111111111111111,0x2222222222222222222222222222222222222222,-6.81478529467032,22888.80132463294,22888.80132463294,4591610281565292563791872,1000000000000000,25,3358.6973521431,BUY_WETH
3000,demo-3000,300000138,1,0x0000000000000000000000000000000000000000000000000000000000000045,0x1111111111111111111111111111111111111111,0x2222222222222222222222222222222222222222,-9.911781981713956,33306.57186309027,33306.57186309027,4592706374820646619185152,1000000000000000,30,3360.3010966682764,BUY_WETH
3000,demo-3000,300000140,1,0x0000000000000000000000000000000000000000000000000000000000000046,0x1111111111111111111111111111111111111111,0x2222222222222222222222222222222222222222,-6.188892422689057,20813.065512716224,20813.065512716224,4594530538587614718459904,1000000000000000,38,3362.970963336442,BUY_WETH
3000,demo-3000,300000142,1,0x0000000000000000000000000000000000000000000000000000000000000047,0x1111111111111111111111111111111111111111,0x2222222222222222222222222222222222222222,-7.456861062711348,25082.5081319514,25082.5081319514,4595016116221937836883968,1000000000000000,40,3363.681838914575,BUY_WETH
3000,demo-3000,300000144,1,0x0000000000000000000000000000000000000000000000000000000000000048,0x1111111111111111111111111111111111111111,0x2222222222222222222222222222222222222222,-5.24573067138657,17638.307505511333,17638.307505511333,4594148658660170845388800,1000000000000000,36,3362.4119518223592,BUY_WETH
3000,demo-3000,300000146,1,0x0000000000000000000000000000000000000000000000000000000000000049,0x1111111111111111111111111111111111111111,0x2222222222222222222222222222222222222222,-10.585980392480101,35617.00693405582,35617.00693405582,4595605616480349564436480,1000000000000000,43,3364.5449560209704,BUY_WETH
3000,demo-3000,300000148,1,0x000000000000000000000000000000000000000000000000000000000000004a,0x1111111111111111111111111111111111111111,0x2222222222222222222222222222222222222222,-5.221018725432135,17564.393796031225,17564.393796031225,4595349433936227826925568,1000000000000000,42,3364.1698526138593,BUY_WETH
3000,demo-3000,300000150,1,0x000000000000000000000000000000000000000000000000000000000000004b,0x1111111111111111111111111111111111111111,0x2222222222222222222222222222222222222222,-8.942667795804587,30088.83324607251,30088.83324607251,4595668652895010444804096,1000000000000000,43,3364.6372573728563,BUY_WETH
3000,demo-3000,300000152,1,0x000000000000000000000000000000000000000000000000000000000000004c,0x1111111111111111111111111111111111111111,0x2222222222222222222222222222222222222222,-9.280315086150724,31224.231328240305,31224.231328240305,4595619894171677394731008,1000000000000000,43,3364.565862083401,BUY_WETH
3000,demo-3000,300000154,1,0x000000000000000000000000000000000000000000000000000000000000004d,0x1111111111111111111111111111111111111111,0x2222222222222222222222222222222222222222,-4.855523244030878,16325.673338367043,16325.673338367043,4594064794860023783096320,1000000000000000,36,3362.289194771533,BUY_WETH
3000,demo-3000,300000156,1,0x000000000000000000000000000000000000000000000000000000000000004e,0x1111111111111111111111111111111111111111,0x2222222222222222222222222222222222222222,-7.459807688482548,25078.55151686598,25078.55151686598,4593746149559907949477888,1000000000000000,35,3361.8227927759604,BUY_WETH
3000,demo-3000,300000158,1,0x000000000000000000000000000000000000000000000000000000000000004f,0x1111111111111111111111111111111111111111,0x2222222222222222222222222222222222222222,-1.3123156790222779,4415.000776935908,4415.000776935908,4595426423550650739589120,1000000000000000,42,3364.282578887758,BUY_WETH
3000,demo-3000,300000160,1,0x0000000000000000000000000000000000000000000000000000000000000050,0x1111111111111111111111111111111111111111,0x2222222222222222222222222222222222222222,-6.255465457826025,21031.67230898816,21031.67230898816,4593954313259512292704256,1000000000000000,36,3362.127478887453,BUY_WETH
3000,demo-3000,300000162,1,0x0000000000000000000000000000000000000000000000000000000000000051,0x1111111111111111111111111111111111111111,0x2222222222222222222222222222222222222222,-1.2789915835304881,4298.150019171213,4298.150019171213,4592895088166615994335232,1000000000000000,31,3360.577250482552,BUY_WETH
3000,demo-3000,300000164,1,0x0000000000000000000000000000000000000000000000000000000000000052,0x1111111111111111111111111111111111111111,0x2222222222222222222222222222222222222222,-6.674277759091007,22445.730757382833,22445.730757382833,4594564155242426212024320,1000000000000000,38,3363.020175000897,BUY_WETH
3000,demo-3000,300000166,1,0x0000000000000000000000000000000000000000000000000000000000000053,0x1111111111111111111111111111111111111111,0x2222222222222222222222222222222222222222,-4.078552210508102,13720.988551985141,13720.988551985141,4595357164284081225072640,1000000000000000,42,3364.1811711111563,BUY_WETH
3000,demo-3000,300000168,1,0x0000000000000000000000000000000000000000000000000000000000000054,0x1111111111111111111111111111111111111111,0x2222222222222222222222222222222222222222,-4.7051446725873,15840.360032155917,15840.360032155917,4597011785290375673937920,1000000000000000,49,3366.6042458680663,BUY_WETH
3000,demo-3000,300000170,1,0x0000000000000000000000000000000000000000000000000000000000000055,0x1111111111111111111111111111111111111111,0x2222222222222222222222222222222222222222,-2.9072326217244395,9795.0136415164,9795.0136415164,4598775560991640307892224,1000000000000000,57,3369.1881304312133,BUY_WETH
3000,demo-3000,300000172,1,0x0000000000000000000000000000000000000000000000000000000000000056,0x1111111111111111111111111111111111111111,0x2222222222222222222222222222222222222222,-5.892766635279261,19841.96889537927,19841.96889537927,4597400563407024455417856,1000000000000000,51,3367.1737103227315,BUY_WETH
3000,demo-3000,300000174,1,0x0000000000000000000000000000000000000000000000000000000000000057,0x1111111111111111111111111111111111111111,0x2222222222222222222222222222222222222222,-7.154636360342413,24079.059588319473,24079.059588319473,4596270308701483674107904,1000000000000000,46,3365.518298286662,BUY_WETH
3000,demo-3000,300000176,1,0x0000000000000000000000000000000000000000000000000000000000000058,0x1111111111111111111111111111111111111111,0x2222222222222222222222222222222222222222,-2.8796440051714933,9693.259039232113,9693.259039232113,4596688691411111836123136,1000000000000000,48,3366.13102933008,BUY_WETH
3000,demo-3000,300000178,1,0x0000000000000000000000000000000000000000000000000000000000000059,0x1111111111111111111111111111111111111111,0x2222222222222222222222222222222222222222,-4.407951997184656,14838.5008063137,14838.5008063137,4596805919085654221783040,1000000000000000,48,3366.3027219422984,BUY_WETH
3000,demo-3000,300000180,1,0x000000000000000000000000000000000000000000000000000000000000005a,0x1111111111111111111111111111111111111111,0x2222222222222222222222222222222222222222,-73.33837750026804,250000.0,250000.0,4625768977961135059763200,1000000000000000,174,3408.856433987598,BUY_WETH
3000,demo-3000,300000182,1,0x000000000000000000000000000000000000000000000000000000000000005b,0x1111111111111111111111111111111111111111,0x2222222222222222222222222222222222222222,-8.480855753305566,28901.132148387012,28901.132148387012,4625057893657994520952832,1000000000000000,171,3407.808479365102,BUY_WETH
3000,demo-3000,300000184,1,0x000000000000000000000000000000000000000000000000000000000000005c,0x1111111111111111111111111111111111111111,0x2222222222222222222222222222222222222222,-10.544831924193367,35991.07797805143,35991.07797805143,4628680243552955320500224,1000000000000000,186,3413.1485676387,BUY_WETH
3000,demo-3000,300000186,1,0x000000000000000000000000000000000000000000000000000000000000005d,0x1111111111111111111111111111111111111111,0x2222222222222222222222222222222222222222,-5.891794329918284,19969.69236361402,19969.69236361402,4612554195287980306857984,1000000000000000,116,3389.407580337413,BUY_WETH
3000,demo-3000,300000188,1,0x000000000000000000000000000000000000000000000000000000000000005e,0x1111111111111111111111111111111111111111,0x2222222222222222222222222222222222222222,-4.974906774235577,16880.086743798318,16880.086743798318,4615029137717387398742016,1000000000000000,127,3393.0458418272656,BUY_WETH
3000,demo-3000,300000190,1,0x000000000000000000000000000000000000000000000000000000000000005f,0x1111111111111111111111111111111111111111,0x2222222222222222222222222222222222222222,-5.618818923084257,19051.880376926685,19051.880376926685,4613451810266655823495168,1000000000000000,120,3390.7268836613107,BUY_WETH
3000,demo-3000,300000192,1,0x0000000000000000000000000000000000000000000000000000000000000060,0x1111111111111111111111111111111111111111,0x2222222222222222222222222222222222222222,-3.106804028827758,10537.653439635767,10537.653439635767,4614180820486124969394176,1000000000000000,124,3391.7985627216326,BUY_WETH
3000,demo-3000,300000194,1,0x0000000000000000000000000000000000000000000000000000000000000061,0x1111111111111111111111111111111111111111,0x2222222222222222222222222222222222222222,-1.4963397257618578,5069.434369013089,5069.434369013089,4611521451270690043854848,1000000000000000,112,3387.8899836278815,BUY_WETH
3000,demo-3000,300000196,1,0x0000000000000000000000000000000000000000000000000000000000000062,0x1111111111111111111111111111111111111111,0x2222222222222222222222222222222222222222,-3.2968628530012007,11174.611353193408,11174.611353193408,4612595350725916325052416,1000000000000000,117,3389.4680644725436,BUY_WETH
3000,demo-3000,300000198,1,0x0000000000000000000000000000000000000000000000000000000000000063,0x1111111111111111111111111111111111111111,0x2222222222222222222222222222222222222222,-5.875552809240915,19913.028159040547,19913.028159040547,4612367153151752242462720,1000000000000000,116,3389.132700453625,BUY_WETH
3000,demo-3000,300000200,1,0x0000000000000000000000000000000000000000000000000000000000000064,0x1111111111111111111111111111111111111111,0x2222222222222222222222222222222222222222,-4.419827752930173,14985.874811578733,14985.874811578733,4613366541648952888918016,1000000000000000,120,3390.6015458732945,BUY_WETH
3000,demo-3000,300000202,1,0x0000000000000000000000000000000000000000000000000000000000000065,0x1111111111111111111111111111111111111111,0x2222222222222222222222222222222222222222,-2.945191619643586,9989.457370912414,9989.457370912414,4614171736795716742283264,1000000000000000,123,3391.7852082307954,BUY_WETH
3000,demo-3000,300000204,1,0x0000000000000000000000000000000000000000000000000000000000000066,0x1111111111111111111111111111111111111111,0x2222222222222222222222222222222222222222,-2.5893395052857326,8780.259709909164,8780.259709909164,4613587546092200687304704,1000000000000000,121,3390.9264088334626,BUY_WETH
3000,demo-3000,300000206,1,0x0000000000000000000000000000000000000000000000000000000000000067,0x1111111111111111111111111111111111111111,0x2222222222222222222222222222222222222222,-5.232255963145019,17756.25094739708,17756.25094739708,4615414711773827791060992,1000000000000000,129,3393.6128263732917,BUY_WETH
3000,demo-3000,300000208,1,0x0000000000000000000000000000000000000000000000000000000000000068,0x1111111111111111111111111111111111111111,0x2222222222222222222222222222222222222222,-4.371839866342264,14828.653817413682,14828.653817413682,4614220283490892328730624,1000000000000000,124,3391.8565800124325,BUY_WETH
3000,demo-3000,300000210,1,0x0000000000000000000000000000000000000000000000000000000000000069,0x1111111111111111111111111111111111111111,0x2222222222222222222222222222222222222222,-7.166709576788091,24304.678121925084,24304.678121925084,4613862183176557956169728,1000000000000000,122,3391.3301301680103,BUY_WETH
3000,demo-3000,300000212,1,0x000000000000000000000000000000000000000000000000000000000000006a,0x1111111111111111111111111111111111111111,0x2222222222222222222222222222222222222222,-2.557945234097617,8665.147425371228,8665.147425371228,4611284747364532697956352,1000000000000000,111,3387.5421998345046,BUY_WETH
3000,demo-3000,300000214,1,0x000000000000000000000000000000000000000000000000000000000000006b,0x1111111111111111111111111111111111111111,0x2222222222222222222222222222222222222222,-12.044588448430488,40790.75249491026,40790.75249491026,4610674460909265393549312,1000000000000000,108,3386.6456018450044,BUY_WETH
3000,demo-3000,300000216,1,0x000000000000000000000000000000000000000000000000000000000000006c,0x1111111111111111111111111111111111111111,0x2222222222222222222222222222222222222222,-5.015455987407561,16996.93488782151,16996.93488782151,4612216416561767336902656,1000000000000000,115,3388.911183847723,BUY_WETH
3000,demo-3000,300000218,1,0x000000000000000000000000000000000000000000000000000000000000006d,0x1111111111111111111111111111111111111111,0x2222222222222222222222222222222222222222,-10.770047542701663,36516.925526673025,36516.925526673025,4613365637043720005091328,1000000000000000,120,3390.6002161911315,BUY_WETH
3000,demo-3000,300000220,1,0x000000000000000000000000000000000000000000000000000000000000006e,0x1111111111111111111111111111111111111111,0x2222222222222222222222222222222222222222,-4.3368975866334285,14702.279903121958,14702.279903121958,4612988200434094567325696,1000000000000000,118,3390.045443645071,BUY_WETH
3000,demo-3000,300000222,1,0x000000000000000000000000000000000000000000000000000000000000006f,0x1111111111111111111111111111111111111111,0x2222222222222222222222222222222222222222,-6.61600334240545,22447.579483196485,22447.579483196485,4614944524047713348616192,1000000000000000,127,3392.9214242257294,BUY_WETH
3000,demo-3000,300000224,1,0x0000000000000000000000000000000000000000000000000000000000000070,0x1111111111111111111111111111111111111111,0x2222222222222222222222222222222222222222,-3.9552027204971787,13425.998406474775,13425.998406474775,4616028754527836102983680,1000000000000000,132,3394.51587067757,BUY_WETH
3000,demo-3000,300000226,1,0x0000000000000000000000000000000000000000000000000000000000000071,0x1111111111111111111111111111111111111111,0x2222222222222222222222222222222222222222,-9.822139455230731,33386.31721434294,33386.31721434294,4619136470347551933988864,1000000000000000,145,3399.088087327372,BUY_WETH
3000,demo-3000,300000228,1,0x0000000000000000000000000000000000000000000000000000000000000072,0x1111111111111111111111111111111111111111,0x2222222222222222222222222222222222222222,-7.104564799506213,24158.60854332514,24158.60854332514,4620051346271586406629376,1000000000000000,149,3400.4346817984165,BUY_WETH
3000,demo-3000,300000230,1,0x0000000000000000000000000000000000000000000000000000000000000073,0x1111111111111111111111111111111111111111,0x2222222222222222222222222222222222222222,-6.9912015354485035,23739.388141474876,23739.388141474876,4616772065203153212014592,1000000000000000,135,3395.609184073097,BUY_WETH
3000,demo-3000,300000232,1,0x0000000000000000000000000000000000000000000000000000000000000074,0x1111111111111111111111111111111111111111,0x2222222222222222222222222222222222222222,-6.451899189186547,21905.151352454,21905.151352454,4616458400261814695755776,1000000000000000,133,3395.1478022420542,BUY_WETH
3000,demo-3000,300000234,1,0x0000000000000000000000000000000000000000000000000000000000000075,0x1111111111111111111111111111111111111111,0x2222222222222222222222222222222222222222,-4.394873730059157,14928.374087025522,14928.374087025522,4617560959518077175726080,1000000000000000,138,3396.7697376426286,BUY_WETH
3000,demo-3000,300000236,1,0x0000000000000000000000000000000000000000000000000000000000000076,0x1111111111111111111111111111111111111111,0x2222222222222222222222222222222222222222,-6.281296807880903,21310.871085668114,21310.871085668114,4614828084833487522103296,1000000000000000,126,3392.7502134479905,BUY_WETH
3000,demo-3000,300000238,1,0x0000000000000000000000000000000000000000000000000000000000000077,0x1111111111111111111111111111111111111111,0x2222222222222222222222222222222222222222,-4.431819456196177,15028.253165480945,15028.253165480945,4613630454094826951409664,1000000000000000,121,3390.9894827664457,BUY_WETH
3000,demo-3000,300000240,1,0x0000000000000000000000000000000000000000000000000000000000000078,0x1111111111111111111111111111111111111111,0x2222222222222222222222222222222222222222,-4.403478813751809,14925.831702703308,14925.831702703308,4612654206048097397637120,1000000000000000,117,3389.554562199959,BUY_WETH
3000,demo-3000,300000242,1,0x0000000000000000000000000000000000000000000000000000000000000079,0x1111111111111111111111111111111111111111,0x2222222222222222222222222222222222222222,-8.555521360936808,28952.524145083655,28952.524145083655,4608924140326808734138368,1000000000000000,101,3384.074789091921,BUY_WETH
3000,demo-3000,300000244,1,0x000000000000000000000000000000000000000000000000000000000000007a,0x1111111111111111111111111111111111111111,0x2222222222222222222222222222222222222222,-8.273347945361706,28002.593366269775,28002.593366269775,4609332800747824125837312,1000000000000000,102,3384.674928602379,BUY_WETH
3000,demo-3000,300000246,1,0x000000000000000000000000000000000000000000000000000000000000007b,0x1111111111111111111111111111111111111111,0x2222222222222222222222222222222222222222,-5.370721144551181,18203.338103064758,18203.338103064758,4612525707337343596232704,1000000000000000,116,3389.3657133051483,BUY_WETH
3000,demo-3000,300000248,1,0x000000000000000000000000000000000000000000000000000000000000007c,0x1111111111111111111111111111111111111111,0x2222222222222222222222222222222222222222,-2.940843614210917,9955.018346583738,9955.018346583738,4609614964674575818817536,1000000000000000,104,3385.0893323529735,BUY_WETH
3000,demo-3000,300000250,1,0x000000000000000000000000000000000000000000000000000000000000007d,0x1111111111111111111111111111111111111111,0x2222222222222222222222222222222222222222,-3.9864616593262823,13483.12821169501,13483.12821169501,4607667375506066841272320,1000000000000000,95,3382.229496714557,BUY_WETH
3000,demo-3000,300000252,1,0x000000000000000000000000000000000000000000000000000000000000007e,0x1111111111111111111111111111111111111111,0x2222222222222222222222222222222222222222,-0.005819920191005357,19.685403209149133,19.685403209149133,4607795820702292638695424,1000000000000000,96,3382.418068133095,BUY_WETH
3000,demo-3000,300000254,1,0x000000000000000000000000000000000000000000000000000000000000007f,0x1111111111111111111111111111111111111111,0x2222222222222222222222222222222222222222,-1.3025397312077562,4406.790120427099,4406.790120427099,4608348107605367941234688,1000000000000000,98,3383.228944840695,BUY_WETH
3000,demo-3000,300000256,1,0x0000000000000000000000000000000000000000000000000000000000000080,0x1111111111111111111111111111111111111111,0x2222222222222222222222222222222222222222,-5.02804836041106,17014.579693407166,17014.579693407166,4608827709574829400129536,1000000000000000,100,3383.9331831757013,BUY_WETH
3000,demo-3000,300000258,1,0x0000000000000000000000000000000000000000000000000000000000000081,0x1111111111111111111111111111111111111111,0x2222222222222222222222222222222222222222,-5.126112078210897,17342.61249652818,17342.61249652818,4608321766483359673876480,1000000000000000,98,3383.1902681653924,BUY_WETH
3000,demo-3000,300000260,1,0x0000000000000000000000000000000000000000000000000000000000000082,0x1111111111111111111111111111111111111111,0x2222222222222222222222222222222222222222,-3.6925139393162905,12487.757009362436,12487.757009362436,4607451069455906214248448,1000000000000000,94,3381.911947954537,BUY_WETH
3000,demo-3000,300000262,1,0x0000000000000000000000000000000000000000000000000000000000000083,0x1111111111111111111111111111111111111111,0x2222222222222222222222222222222222222222,-5.2497722337199315,17733.354166356035,17733.354166356035,4604736643663376966221824,1000000000000000,83,3377.9282941938936,BUY_WETH
3000,demo-3000,300000264,1,0x0000000000000000000000000000000000000000000000000000000000000084,0x1111111111111111111111111111111111111111,0x2222222222222222222222222222222222222222,-10.591768531855378,35824.45556596144,35824.45556596144,4607710052502782947098624,1000000000000000,95,3382.2921505711956,BUY_WETH
3000,demo-3000,300000266,1,0x0000000000000000000000000000000000000000000000000000000000000085,0x1111111111111111111111111111111111111111,0x2222222222222222222222222222222222222222,-7.193258809134159,24352.21440766402,24352.21440766402,4609841252911093131509760,1000000000000000,105,3385.4216918680922,BUY_WETH
3000,demo-3000,300000268,1,0x0000000000000000000000000000000000000000000000000000000000000086,0x1111111111111111111111111111111111111111,0x2222222222222222222222222222222222222222,-9.156743019706353,30984.75709394635,30984.75709394635,4608749660574734549516288,1000000000000000,100,3383.8185725277676,BUY_WETH
3000,demo-3000,300000270,1,0x0000000000000000000000000000000000000000000000000000000000000087,0x1111111111111111111111111111111111111111,0x2222222222222222222222222222222222222222,-5.136446567386938,17380.12041213234,17380.12041213234,4608659122438813368975360,1000000000000000,100,3383.685624704964,BUY_WETH
3000,demo-3000,300000272,1,0x0000000000000000000000000000000000000000000000000000000000000088,0x1111111111111111111111111111111111111111,0x2222222222222222222222222222222222222222,-5.565379928762414,18827.65709116466,18827.65709116466,4608189340193010789384192,1000000000000000,98,3382.995829963294,BUY_WETH
3000,demo-3000,300000274,1,0x0000000000000000000000000000000000000000000000000000000000000089,0x1111111111111111111111111111111111111111,0x2222222222222222222222222222222222222222,-5.099390283978253,17245.960475642045,17245.960475642045,4607487343288456067416064,1000000000000000,94,3381.9651988252467,BUY_WETH
3000,demo-3000,300000276,1,0x000000000000000000000000000000000000000000000000000000000000008a,0x1111111111111111111111111111111111111111,0x2222222222222222222222222222222222222222,-4.331253266612185,14637.026657335333,14637.026657335333,4605737964351712078594048,1000000000000000,87,3379.397545316972,BUY_WETH
3000,demo-3000,300000278,1,0x000000000000000000000000000000000000000000000000000000000000008b,0x1111111111111111111111111111111111111111,0x2222222222222222222222222222222222222222,-5.132856552772354,17373.65374834248,17373.65374834248,4609412774259273423126528,1000000000000000,103,3384.792380172525,BUY_WETH
3000,demo-3000,300000280,1,0x000000000000000000000000000000000000000000000000000000000000008c,0x1111111111111111111111111111111111111111,0x2222222222222222222222222222222222222222,-6.734586399538664,22791.368511945475,22791.368511945475,4609027728407341230456832,1000000000000000,101,3384.226908649764,BUY_WETH
3000,demo-3000,300000282,1,0x000000000000000000000000000000000000000000000000000000000000008d,0x1111111111111111111111111111111111111111,0x2222222222222222222222222222222222222222,-2.3556720089648917,7976.08026745134,7976.08026745134,4610169900474370411724800,1000000000000000,106,3385.904420096292,BUY_WETH
3000,demo-3000,300000284,1,0x000000000000000000000000000000000000000000000000000000000000008e,0x1111111111111111111111111111111111111111,0x2222222222222222222222222222222222222222,-7.7581315076842845,26264.48256841289,26264.48256841289,4609835625340741726765056,1000000000000000,105,3385.4134262094435,BUY_WETH
3000,demo-3000,300000286,1,0x000000000000000000000000000000000000000000000000000000000000008f,0x1111111111111111111111111111111111111111,0x2222222222222222222222222222222222222222,-5.64007327782353,19097.586391515946,19097.586391515946,4610270972274384348119040,1000000000000000,107,3386.052884562094,BUY_WETH
3000,demo-3000,300000288,1,0x0000000000000000000000000000000000000000000000000000000000000090,0x1111111111111111111111111111111111111111,0x2222222222222222222222222222222222222222,-3.51061091443026,11900.045163243207,11900.045163243207,4612777845599531595464704,1000000000000000,117,3389.7362747687107,BUY_WETH
3000,demo-3000,300000290,1,0x0000000000000000000000000000000000000000000000000000000000000091,0x1111111111111111111111111111111111111111,0x2222222222222222222222222222222222222222,-3.929125892294723,13319.472012704358,13319.472012704358,4612911434616238151565312,1000000000000000,118,3389.9326155022745,BUY_WETH
3000,demo-3000,300000292,1,0x0000000000000000000000000000000000000000000000000000000000000092,0x1111111111111111111111111111111111111111,0x2222222222222222222222222222222222222222,-0.12767359906849557,433.2564065112101,433.2564065112101,4615316938369767875543040,1000000000000000,128,3393.4690466333022,BUY_WETH
3000,demo-3000,300000294,1,0x0000000000000000000000000000000000000000000000000000000000000093,0x1111111111111111111111111111111111111111,0x2222222222222222222222222222222222222222,-3.9027319181474995,13237.58730574874,13237.58730574874,4614234290676189953523712,1000000000000000,124,3391.877173062964,BUY_WETH
3000,demo-3000,300000296,1,0x0000000000000000000000000000000000000000000000000000000000000094,0x1111111111111111111111111111111111111111,0x2222222222222222222222222222222222222222,-6.912275455292211,23456.479284985744,23456.479284985744,4615305770819827089276928,1000000000000000,128,3393.452624493845,BUY_WETH
3000,demo-3000,300000298,1,0x0000000000000000000000000000000000000000000000000000000000000095,0x1111111111111111111111111111111111111111,0x2222222222222222222222222222222222222222,-1.128633389700768,3833.704418964072,3833.704418964072,4617558957660489572679680,1000000000000000,138,3396.7667924307048,BUY_WETH
3000,demo-3000,300000300,1,0x0000000000000000000000000000000000000000000000000000000000000096,0x1111111111111111111111111111111111111111,0x2222222222222222222222222222222222222222,-4.519714492142751,15360.481221405245,15360.481221405245,4618771675321555950239744,1000000000000000,143,3398.551224443161,BUY_WETH
3000,demo-3000,300000302,1,0x0000000000000000000000000000000000000000000000000000000000000097,0x1111111111111111111111111111111111111111,0x2222222222222222222222222222222222222222,-6.728388004257657,22856.116800352687,22856.116800352687,4617695520104358724239360,1000000000000000,139,3396.9677114175884,BUY_WETH
3000,demo-3000,300000304,1,0x0000000000000000000000000000000000000000000000000000000000000098,0x1111111111111111111111111111111111111111,0x2222222222222222222222222222222222222222,-0.2039070904196052,692.219657828903,692.219657828903,4616208157013817379782656,1000000000000000,132,3394.779732300803,BUY_WETH
3000,demo-3000,300000306,1,0x0000000000000000000000000000000000000000000000000000000000000099,0x1111111111111111111111111111111111111111,0x2222222222222222222222222222222222222222,-1.3318195532112234,4520.062335222869,4520.062335222869,4615609966292629807169536,1000000000000000,130,3393.8999651449008,BUY_WETH
3000,demo-3000,300000308,1,0x000000000000000000000000000000000000000000000000000000000000009a,0x1111111111111111111111111111111111111111,0x2222222222222222222222222222222222222222,-6.29178609191088,21343.992873759908,21343.992873759908,4614561547404519380353024,1000000000000000,125,3392.3583163771414,BUY_WETH
3000,demo-3000,300000310,1,0x000000000000000000000000000000000000000000000000000000000000009b,0x1111111111111111111111111111111111111111,0x2222222222222222222222222222222222222222,-9.514043967777972,32282.0950408071,32282.0950408071,4615065429604194131640320,1000000000000000,127,3393.0992068293604,BUY_WETH
3000,demo-3000,300000312,1,0x000000000000000000000000000000000000000000000000000000000000009c,0x1111111111111111111111111111111111111111,0x2222222222222222222222222222222222222222,-1.2379840665461836,4200.015685069303,4200.015685069303,4614742921433334522314752,1000000000000000,126,3392.624992974915,BUY_WETH
3000,demo-3000,300000314,1,0x000000000000000000000000000000000000000000000000000000000000009d,0x1111111111111111111111111111111111111111,0x2222222222222222222222222222222222222222,-2.8681897175551088,9725.541978363553,9725.541978363553,4613521542386817641218048,1000000000000000,121,3390.8293858098627,BUY_WETH
3000,demo-3000,300000316,1,0x000000000000000000000000000000000000000000000000000000000000009e,0x1111111111111111111111111111111111111111,0x2222222222222222222222222222222222222222,-6.469510277642928,21918.304755138968,21918.304755138968,4611554661205708820709376,1000000000000000,112,3387.9387796760075,BUY_WETH
3000,demo-3000,300000318,1,0x000000000000000000000000000000000000000000000000000000000000009f,0x1111111111111111111111111111111111111111,0x2222222222222222222222222222222222222222,-0.060135877094561904,203.64464981693064,203.64464981693064,4610513110116501626552320,1000000000000000,108,3386.408574314222,BUY_WETH
3000,demo-3000,300000320,1,0x00000000000000000000000000000000000000000000000000000000000000a0,0x1111111111111111111111111111111111111111,0x2222222222222222222222222222222222222222,-72.9139850704938,250000.0,250000.0,4639211481648424537817088,1000000000000000,232,3428.6975229552754,BUY_WETH
3000,demo-3000,300000322,1,0x00000000000000000000000000000000000000000000000000000000000000a1,0x1111111111111111111111111111111111111111,0x2222222222222222222222222222222222222222,-5.52593547198146,18951.493902299848,18951.493902299848,4639790850730683474640896,1000000000000000,234,3429.553963919945,BUY_WETH
3000,demo-3000,300000324,1,0x00000000000000000000000000000000000000000000000000000000000000a2,0x1111111111111111111111111111111111111111,0x2222222222222222222222222222222222222222,-5.34590280777219,18342.16872313982,18342.16872313982,4640816498418262489432064,1000000000000000,239,3431.0703697180743,BUY_WETH
3000,demo-3000,300000326,1,0x00000000000000000000000000000000000000000000000000000000000000a3,0x1111111111111111111111111111111111111111,0x2222222222222222222222222222222222222222,-6.400206680903585,21824.84510979503,21824.84510979503,4626559687979979008638976,1000000000000000,177,3410.0219255284715,BUY_WETH
3000,demo-3000,300000328,1,0x00000000000000000000000000000000000000000000000000000000000000a4,0x1111111111111111111111111111111111111111,0x2222222222222222222222222222222222222222,-6.358566581637157,21688.80225914301,21688.80225914301,4627194517917586400739328,1000000000000000,180,3410.957796962902,BUY_WETH
3000,demo-3000,300000330,1,0x00000000000000000000000000000000000000000000000000000000000000a5,0x1111111111111111111111111111111111111111,0x2222222222222222222222222222222222222222,-4.8476525399946695,16518.27823376652,16518.27823376652,4624834865099338827169792,1000000000000000,170,3407.4798260571465,BUY_WETH
3000,demo-3000,300000332,1,0x00000000000000000000000000000000000000000000000000000000000000a6,0x1111111111111111111111111111111111111111,0x2222222222222222222222222222222222222222,-5.831737417440161,19867.920490444358,19867.920490444358,4624415092469343348326400,1000000000000000,168,3406.861295062454,BUY_WETH
3000,demo-3000,300000334,1,0x00000000000000000000000000000000000000000000000000000000000000a7,0x1111111111111111111111111111111111111111,0x2222222222222222222222222222222222222222,-9.60948126994996,32707.0329920362,32707.0329920362,4622215461305575192657920,1000000000000000,158,3403.621077270336,BUY_WETH
3000,demo-3000,300000336,1,0x00000000000000000000000000000000000000000000000000000000000000a8,0x1111111111111111111111111111111111111111,0x2222222222222222222222222222222222222222,-2.0853154140857924,7098.1421341439345,7098.1421341439345,4622384335634739752861696,1000000000000000,159,3403.869786890622,BUY_WETH
3000,demo-3000,300000338,1,0x00000000000000000000000000000000000000000000000000000000000000a9,0x1111111111111111111111111111111111111111,0x2222222222222222222222222222222222222222,-4.5498039370535945,15468.414356513982,15468.414356513982,4619618812026856734195712,1000000000000000,147,3399.798006797446,BUY_WETH
3000,demo-3000,300000340,1,0x00000000000000000000000000000000000000000000000000000000000000aa,0x1111111111111111111111111111111111111111,0x2222222222222222222222222222222222222222,-3.39317081663301,11535.371226230493,11535.371226230493,4619473816572792653479936,1000000000000000,146,3399.5845919943577,BUY_WETH
3000,demo-3000,300000342,1,0x00000000000000000000000000000000000000000000000000000000000000ab,0x1111111111111111111111111111111111111111,0x2222222222222222222222222222222222222222,-3.597095252615075,12229.418094843955,12229.418094843955,4619622745267796923383808,1000000000000000,147,3399.803796119442,BUY_WETH
3000,demo-3000,300000344,1,0x00000000000000000000000000000000000000000000000000000000000000ac,0x1111111111111111111111111111111111111111,0x2222222222222222222222222222222222222222,-3.3751043432013415,11479.123634500047,11479.123634500047,4620514617727085740818432,1000000000000000,151,3401.11666699226,BUY_WETH
3000,demo-3000,300000346,1,0x00000000000000000000000000000000000000000000000000000000000000ad,0x1111111111111111111111111111111111111111,0x2222222222222222222222222222222222222222,-7.882786074817948,26809.552560259246,26809.552560259246,4620452355509079867654144,1000000000000000,151,3401.025006362159,BUY_WETH
3000,demo-3000,300000348,1,0x00000000000000000000000000000000000000000000000000000000000000ae,0x1111111111111111111111111111111111111111,0x2222222222222222222222222222222222222222,-2.6213163553642365,8931.21126632454,8931.21126632454,4624609281300505494028288,1000000000000000,169,3407.147423487362,BUY_WETH
3000,demo-3000,300000350,1,0x00000000000000000000000000000000000000000000000000000000000000af,0x1111111111111111111111111111111111111111,0x2222222222222222222222222222222222222222,-3.065577631214695,10441.478719800589,10441.478719800589,4623857361742179390717952,1000000000000000,165,3406.039570970933,BUY_WETH
3000,demo-3000,300000352,1,0x00000000000000000000000000000000000000000000000000000000000000b0,0x1111111111111111111111111111111111111111,0x2222222222222222222222222222222222222222,-2.249797434446778,7667.106248541931,7667.106248541931,4625126505366279786856448,1000000000000000,171,3407.909588281338,BUY_WETH
3000,demo-3000,300000354,1,0x00000000000000000000000000000000000000000000000000000000000000b1,0x1111111111111111111111111111111111111111,0x2222222222222222222222222222222222222222,-5.205420684596026,17733.588450862408,17733.588450862408,4624342364481544957984768,1000000000000000,168,3406.7541367674585,BUY_WETH
3000,demo-3000,300000356,1,0x00000000000000000000000000000000000000000000000000000000000000b2,0x1111111111111111111111111111111111111111,0x2222222222222222222222222222222222222222,-2.756438370414143,9384.074619217368,9384.074619217368,4622758082476103727841280,1000000000000000,161,3404.420254753402,BUY_WETH
3000,demo-3000,300000358,1,0x00000000000000000000000000000000000000000000000000000000000000b3,0x1111111111111111111111111111111111111111,0x2222222222222222222222222222222222222222,-0.2656144533197105,903.9621630362409,903.9621630362409,4621988477070834313199616,1000000000000000,157,3403.2868006176395,BUY_WETH
3000,demo-3000,300000360,1,0x00000000000000000000000000000000000000000000000000000000000000b4,0x1111111111111111111111111111111111111111,0x2222222222222222222222222222222222222222,-4.200985814706142,14282.69320986143,14282.69320986143,4619649540984781775306752,1000000000000000,147,3399.8432367619175,BUY_WETH
3000,demo-3000,300000362,1,0x00000000000000000000000000000000000000000000000000000000000000b5,0x1111111111111111111111111111111111111111,0x2222222222222222222222222222222222222222,-4.802123195612138,16328.160126417659,16328.160126417659,4619889205524856041373696,1000000000000000,148,3400.196009410431,BUY_WETH
3000,demo-3000,300000364,1,0x00000000000000000000000000000000000000000000000000000000000000b6,0x1111111111111111111111111111111111111111,0x2222222222222222222222222222222222222222,-4.071269247648099,13825.92337416002,13825.92337416002,4617019875892004804100096,1000000000000000,136,3395.9737205165225,BUY_WETH
3000,demo-3000,300000366,1,0x00000000000000000000000000000000000000000000000000000000000000b7,0x1111111111111111111111111111111111111111,0x2222222222222222222222222222222222222222,-6.7697639252626765,23002.7896079219,23002.7896079219,4618309936520973296599040,1000000000000000,141,3397.871751787764,BUY_WETH
3000,demo-3000,300000368,1,0x00000000000000000000000000000000000000000000000000000000000000b8,0x1111111111111111111111111111111111111111,0x2222222222222222222222222222222222222222,-2.9472045664782476,10013.671124116168,10013.671124116168,4618182646055793768529920,1000000000000000,141,3397.6844491938245,BUY_WETH
3000,demo-3000,300000370,1,0x00000000000000000000000000000000000000000000000000000000000000b9,0x1111111111111111111111111111111111111111,0x2222222222222222222222222222222222222222,-3.762559688926214,12789.63916911048,12789.63916911048,4619202808749728546684928,1000000000000000,145,3399.185721027187,BUY_WETH
3000,demo-3000,300000372,1,0x00000000000000000000000000000000000000000000000000000000000000ba,0x1111111111111111111111111111111111111111,0x2222222222222222222222222222222222222222,-3.1740409057343375,10780.3238835439,10780.3238835439,4617312073364458809851904,1000000000000000,137,3396.4035762953704,BUY_WETH
3000,demo-3000,300000374,1,0x00000000000000000000000000000000000000000000000000000000000000bb,0x1111111111111111111111111111111111111111,0x2222222222222222222222222222222222222222,-5.877211648496575,19981.620343815237,19981.620343815237,4619652092183282446237696,1000000000000000,147,3399.8469918854553,BUY_WETH
3000,demo-3000,300000376,1,0x00000000000000000000000000000000000000000000000000000000000000bc,0x1111111111111111111111111111111111111111,0x2222222222222222222222222222222222222222,-4.022203475846545,13685.97318021569,13685.97318021569,4621526073415001312329728,1000000000000000,155,3402.6058757097644,BUY_WETH
3000,demo-3000,300000378,1,0x00000000000000000000000000000000000000000000000000000000000000bd,0x1111111111111111111111111111111111111111,0x2222222222222222222222222222222222222222,-3.696638371771187,12586.46360743731,12586.46360743731,4623043312932494390591488,1000000000000000,162,3404.8403824274274,BUY_WETH
3000,demo-3000,300000380,1,0x00000000000000000000000000000000000000000000000000000000000000be,0x1111111111111111111111111111111111111111,0x2222222222222222222222222222222222222222,-11.860057395525667,40377.15233960124,40377.15233960124,4622788578173423989030912,1000000000000000,161,3404.4651718830596,BUY_WETH
3000,demo-3000,300000382,1,0x00000000000000000000000000000000000000000000000000000000000000bf,0x1111111111111111111111111111111111111111,0x2222222222222222222222222222222222222222,-3.9601599461802106,13489.466622050768,13489.466622050768,4624029639659332042752000,1000000000000000,166,3406.293383443285,BUY_WETH
3000,demo-3000,300000384,1,0x00000000000000000000000000000000000000000000000000000000000000c0,0x1111111111111111111111111111111111111111,0x2222222222222222222222222222222222222222,-6.146638455797157,20936.0107879708,20936.0107879708,4623892365609033965502464,1000000000000000,166,3406.091140471286,BUY_WETH
3000,demo-3000,300000386,1,0x00000000000000000000000000000000000000000000000000000000000000c1,0x1111111111111111111111111111111111111111,0x2222222222222222222222222222222222222222,-3.9888216947121125,13597.802174968649,13597.802174968649,4625850909780785200365568,1000000000000000,174,3408.9771906813826,BUY_WETH
3000,demo-3000,300000388,1,0x00000000000000000000000000000000000000000000000000000000000000c2,0x1111111111111111111111111111111111111111,0x2222222222222222222222222222222222222222,-4.547440100188882,15483.223681863234,15483.223681863234,4623030771270460886745088,1000000000000000,162,3404.821908752602,BUY_WETH
3000,demo-3000,300000390,1,0x00000000000000000000000000000000000000000000000000000000000000c3,0x1111111111111111111111111111111111111111,0x2222222222222222222222222222222222222222,-5.576102878660331,18985.84171861716,18985.84171861716,4623055665808097937457152,1000000000000000,162,3404.8585780717417,BUY_WETH
3000,demo-3000,300000392,1,0x00000000000000000000000000000000000000000000000000000000000000c4,0x1111111111111111111111111111111111111111,0x2222222222222222222222222222222222222222,-6.118017433373308,20850.183704753355,20850.183704753355,4625185671251600724721664,1000000000000000,171,3407.9967786651323,BUY_WETH
3000,demo-3000,300000394,1,0x00000000000000000000000000000000000000000000000000000000000000c5,0x1111111111111111111111111111111111111111,0x2222222222222222222222222222222222222222,-2.3724716783258306,8089.976754676777,8089.976754676777,4626501446270643878232064,1000000000000000,177,3409.9360715595926,BUY_WETH
3000,demo-3000,300000396,1,0x00000000000000000000000000000000000000000000000000000000000000c6,0x1111111111111111111111111111111111111111,0x2222222222222222222222222222222222222222,-10.804775832786975,36865.978484906555,36865.978484906555,4627906604505732632018944,1000000000000000,183,3412.00771357395,BUY_WETH
3000,demo-3000,300000398,1,0x00000000000000000000000000000000000000000000000000000000000000c7,0x1111111111111111111111111111111111111111,0x2222222222222222222222222222222222222222,-5.941086835592955,20282.001479466457,20282.001479466457,4629158368419296447561728,1000000000000000,188,3413.853734296108,BUY_WETH
3000,demo-3000,300000400,1,0x00000000000000000000000000000000000000000000000000000000000000c8,0x1111111111111111111111111111111111111111,0x2222222222222222222222222222222222222222,-9.983030673298005,34084.28015123403,34084.28015123403,4629407854195203289120768,1000000000000000,189,3414.2217195025314,BUY_WETH
3000,demo-3000,300000402,1,0x00000000000000000000000000000000000000000000000000000000000000c9,0x1111111111111111111111111111111111111111,0x2222222222222222222222222222222222222222,-4.9824296289027705,17000.07877841355,17000.07877841355,4627905304922340701765632,1000000000000000,183,3412.005797291572,BUY_WETH
3000,demo-3000,300000404,1,0x00000000000000000000000000000000000000000000000000000000000000ca,0x1111111111111111111111111111111111111111,0x2222222222222222222222222222222222222222,-7.235643282924919,24696.00997031879,24696.00997031879,4628650673904146614059008,1000000000000000,186,3413.104958974116,BUY_WETH
3000,demo-3000,300000406,1,0x00000000000000000000000000000000000000000000000000000000000000cb,0x1111111111111111111111111111111111111111,0x2222222222222222222222222222222222222222,-6.086027767067676,20765.89255254512,20765.89255254512,4627942136337011029573632,1000000000000000,183,3412.0601067435464,BUY_WETH
3000,demo-3000,300000408,1,0x00000000000000000000000000000000000000000000000000000000000000cc,0x1111111111111111111111111111111111111111,0x2222222222222222222222222222222222222222,-5.594260670888162,19084.240195211518,19084.240195211518,4627491942853270866755584,1000000000000000,181,3411.3963073840187,BUY_WETH
3000,demo-3000,300000410,1,0x00000000000000000000000000000000000000000000000000000000000000cd,0x1111111111111111111111111111111111111111,0x2222222222222222222222222222222222222222,-2.264870632115593,7725.656899300054,7725.656899300054,4627277999519058479808512,1000000000000000,180,3411.080875768871,BUY_WETH
3000,demo-3000,300000412,1,0x00000000000000000000000000000000000000000000000000000000000000ce,0x1111111111111111111111111111111111111111,0x2222222222222222222222222222222222222222,-7.591361024053919,25894.36369855652,25894.36369855652,4627243804943098427998208,1000000000000000,180,3411.0304616666062,BUY_WETH
3000,demo-3000,300000414,1,0x00000000000000000000000000000000000000000000000000000000000000cf,0x1111111111111111111111111111111111111111,0x2222222222222222222222222222222222222222,-4.644021020969505,15830.17426102649,15830.17426102649,4625677419532058854686720,1000000000000000,173,3408.721491472,BUY_WETH
3000,demo-3000,300000416,1,0x00000000000000000000000000000000000000000000000000000000000000d0,0x1111111111111111111111111111111111111111,0x2222222222222222222222222222222222222222,-2.4546799616162693,8371.21403927544,8371.21403927544,4626753564698235891613696,1000000000000000,178,3410.307726536972,BUY_WETH
3000,demo-3000,300000418,1,0x00000000000000000000000000000000000000000000000000000000000000d1,0x1111111111111111111111111111111111111111,0x2222222222222222222222222222222222222222,-2.480054883899196,8458.831629419072,8458.831629419072,4627049313148603071463424,1000000000000000,179,3410.7437235904686,BUY_WETH
3000,demo-3000,300000420,1,0x00000000000000000000000000000000000000000000000000000000000000d2,0x1111111111111111111111111111111111111111,0x2222222222222222222222222222222222222222,-11.371299416317784,38815.39243691876,38815.39243691876,4628886445387254020964352,1000000000000000,187,3413.452677291988,BUY_WETH
3000,demo-3000,300000422,1,0x00000000000000000000000000000000000000000000000000000000000000d3,0x1111111111111111111111111111111111111111,0x2222222222222222222222222222222222222222,-4.688718278909467,16027.373900041763,16027.373900041763,4632161563276389644238848,1000000000000000,201,3418.2846881919118,BUY_WETH
3000,demo-3000,300000424,1,0x00000000000000000000000000000000000000000000000000000000000000d4,0x1111111111111111111111111111111111111111,0x2222222222222222222222222222222222222222,-5.581481844480945,19088.979556501403,19088.979556501403,4633361460551670323740672,1000000000000000,206,3420.0558361355024,BUY_WETH
3000,demo-3000,300000426,1,0x00000000000000000000000000000000000000000000000000000000000000d5,0x1111111111111111111111111111111111111111,0x2222222222222222222222222222222222222222,-9.335383129903478,31929.81354844047,31929.81354844047,4633527040326365647732736,1000000000000000,207,3420.3002816415315,BUY_WETH
3000,demo-3000,300000428,1,0x00000000000000000000000000000000000000000000000000000000000000d6,0x1111111111111111111111111111111111111111,0x2222222222222222222222222222222222222222,-8.046973838034287,27497.651377195034,27497.651377195034,4631387187230379201265664,1000000000000000,198,3417.1418884483605,BUY_WETH
3000,demo-3000,300000430,1,0x00000000000000000000000000000000000000000000000000000000000000d7,0x1111111111111111111111111111111111111111,0x2222222222222222222222222222222222222222,-8.977653935358969,30676.86558543728,30676.86558543728,4631307797171180832555008,1000000000000000,198,3417.024737901158,BUY_WETH
3000,demo-3000,300000432,1,0x00000000000000000000000000000000000000000000000000000000000000d8,0x1111111111111111111111111111111111111111,0x2222222222222222222222222222222222222222,-3.4955516842948158,11945.952049264331,11945.952049264331,4631611284603932795469824,1000000000000000,199,3417.4725846384613,BUY_WETH
3000,demo-3000,300000434,1,0x00000000000000000000000000000000000000000000000000000000000000d9,0x1111111111111111111111111111111111111111,0x2222222222222222222222222222222222222222,-7.203840620895156,24623.70385526715,24623.70385526715,4632060525090754177007616,1000000000000000,201,3418.1355683862125,BUY_WETH
3000,demo-3000,300000436,1,0x00000000000000000000000000000000000000000000000000000000000000da,0x1111111111111111111111111111111111111111,0x2222222222222222222222222222222222222222,-6.550876485819748,22392.34448900938,22392.34448900938,4632118505553956515610624,1000000000000000,201,3418.2211399467874,BUY_WETH
3000,demo-3000,300000438,1,0x00000000000000000000000000000000000000000000000000000000000000db,0x1111111111111111111111111111111111111111,0x2222222222222222222222222222222222222222,-0.3526381809757268,1204.9551076056587,1204.9551076056587,4631272666895284741079040,1000000000000000,197,3416.972899167148,BUY_WETH
3000,demo-3000,300000440,1,0x00000000000000000000000000000000000000000000000000000000000000dc,0x1111111111111111111111111111111111111111,0x2222222222222222222222222222222222222222,-7.104868356122901,24292.4376256586,24292.4376256586,4632731326304663801692160,1000000000000000,204,3419.125648503203,BUY_WETH
3000,demo-3000,300000442,1,0x00000000000000000000000000000000000000000000000000000000000000dd,0x1111111111111111111111111111111111111111,0x2222222222222222222222222222222222222222,-5.444012962135057,18615.69505989291,18615.69505989291,4632971584800128581500928,1000000000000000,205,3419.4802968639747,BUY_WETH
3000,demo-3000,300000444,1,0x00000000000000000000000000000000000000000000000000000000000000de,0x1111111111111111111111111111111111111111,0x2222222222222222222222222222222222222222,-4.057918904933524,13886.039470710955,13886.039470710955,4634651675266505959800832,1000000000000000,212,3421.960811939497,BUY_WETH
3000,demo-3000,300000446,1,0x00000000000000000000000000000000000000000000000000000000000000df,0x1111111111111111111111111111111111111111,0x2222222222222222222222222222222222222222,-4.766599947636848,16303.051174536125,16303.051174536125,4633505444773696580354048,1000000000000000,207,3420.268399620727,BUY_WETH
3000,demo-3000,300000448,1,0x00000000000000000000000000000000000000000000000000000000000000e0,0x1111111111111111111111111111111111111111,0x2222222222222222222222222222222222222222,-1.6113929398336726,5515.983861619636,5515.983861619636,4635433434562013322805248,1000000000000000,215,3423.115321697384,BUY_WETH
3000,demo-3000,300000450,1,0x00000000000000000000000000000000000000000000000000000000000000e1,0x1111111111111111111111111111111111111111,0x2222222222222222222222222222222222222222,-3.5746723290813076,12246.724312150374,12246.724312150374,4637366658441718339207168,1000000000000000,224,3425.971161753387,BUY_WETH
3000,demo-3000,300000452,1,0x00000000000000000000000000000000000000000000000000000000000000e2,0x1111111111111111111111111111111111111111,0x2222222222222222222222222222222222222222,-8.570761419380151,29340.55652528087,29340.55652528087,4635579721235680339165184,1000000000000000,216,3423.3313809128076,BUY_WETH
3000,demo-3000,300000454,1,0x00000000000000000000000000000000000000000000000000000000000000e3,0x1111111111111111111111111111111111111111,0x2222222222222222222222222222222222222222,-1.839821270848924,6297.890720535691,6297.890720535691,4635422518954630781599744,1000000000000000,215,3423.0992000813967,BUY_WETH
3000,demo-3000,300000456,1,0x00000000000000000000000000000000000000000000000000000000000000e4,0x1111111111111111111111111111111111111111,0x2222222222222222222222222222222222222222,-7.708248061655822,26379.47187798333,26379.47187798333,4634840474657508156243968,1000000000000000,213,3422.2396148881476,BUY_WETH
3000,demo-3000,300000458,1,0x00000000000000000000000000000000000000000000000000000000000000e5,0x1111111111111111111111111111111111111111,0x2222222222222222222222222222222222222222,-4.133056333948018,14156.111862710544,14156.111862710544,4636773847215859835076608,1000000000000000,221,3425.095309356261,BUY_WETH
3000,demo-3000,300000460,1,0x00000000000000000000000000000000000000000000000000000000000000e6,0x1111111111111111111111111111111111111111,0x2222222222222222222222222222222222222222,-7.129674911554532,24426.76169154987,24426.76169154987,4637433206448984875335680,1000000000000000,224,3426.0694904845154,BUY_WETH
3000,demo-3000,300000462,1,0x00000000000000000000000000000000000000000000000000000000000000e7,0x1111111111111111111111111111111111111111,0x2222222222222222222222222222222222222222,-6.189277012778879,21195.32467649799,21195.32467649799,4636386794082565680529408,1000000000000000,220,3424.5235158704995,BUY_WETH
3000,demo-3000,300000464,1,0x00000000000000000000000000000000000000000000000000000000000000e8,0x1111111111111111111111111111111111111111,0x2222222222222222222222222222222222222222,-3.8475642706850364,13175.78030574216,13175.78030574216,4636335064373934499561472,1000000000000000,219,3424.4470992023976,BUY_WETH
3000,demo-3000,300000466,1,0x00000000000000000000000000000000000000000000000000000000000000e9,0x1111111111111111111111111111111111111111,0x2222222222222222222222222222222222222222,-5.434372590054836,18603.310336804898,18603.310336804898,4635536378625109381873664,1000000000000000,216,3423.2673650036168,BUY_WETH
3000,demo-3000,300000468,1,0x00000000000000000000000000000000000000000000000000000000000000ea,0x1111111111111111111111111111111111111111,0x2222222222222222222222222222222222222222,-3.7713445228971723,12910.590420080964,12910.590420080964,4635584813795757021724672,1000000000000000,216,3423.338902530963,BUY_WETH
3000,demo-3000,300000470,1,0x00000000000000000000000000000000000000000000000000000000000000eb,0x1111111111111111111111111111111111111111,0x2222222222222222222222222222222222222222,-8.187443000139185,28020.03514506304,28020.03514506304,4634893685638347379179520,1000000000000000,213,3422.3181944090124,BUY_WETH
3000,demo-3000,300000472,1,0x00000000000000000000000000000000000000000000000000000000000000ec,0x1111111111111111111111111111111111111111,0x2222222222222222222222222222222222222222,-7.586075246053157,25965.849299294543,25965.849299294543,4635240545772941319602176,1000000000000000,215,3422.8304435556342,BUY_WETH
3000,demo-3000,300000474,1,0x00000000000000000000000000000000000000000000000000000000000000ed,0x1111111111111111111111111111111111111111,0x2222222222222222222222222222222222222222,-6.801387281489946,23299.58033675594,23299.58033675594,4637189893172950458171392,1000000000000000,223,3425.709987161886,BUY_WETH
3000,demo-3000,300000476,1,0x00000000000000000000000000000000000000000000000000000000000000ee,0x1111111111111111111111111111111111111111,0x2222222222222222222222222222222222222222,-3.081254554525702,10572.263714124943,10572.263714124943,4640874115496918244130816,1000000000000000,239,3431.1555657083104,BUY_WETH
3000,demo-3000,300000478,1,0x00000000000000000000000000000000000000000000000000000000000000ef,0x1111111111111111111111111111111111111111,0x2222222222222222222222222222222222222222,-4.409052034400157,15136.704242720174,15136.704242720174,4642187034286702058274816,1000000000000000,245,3433.097211060584,BUY_WETH
